0.00003, 0.00000, 0.00000, 0.00000 
0.00183, 0.00000, 0.00000, 0.00000 
0.00306, 0.00000, 0.00000, 0.00000 
0.00480, 0.00000, 0.00000, 0.00000 
0.00666, 0.00000, 0.00000, 0.00000 
0.00868, 0.00000, 0.00000, 0.00000 
0.01058, 0.00000, 0.00000, 0.00000 
0.01245, 0.00000, 0.00000, 0.00000 
0.01377, 0.00000, 0.00000, 0.00000 
0.01500, 0.00000, 0.00000, 0.00000 
0.01622, 0.00000, 0.00000, 0.00000 
0.01724, 0.00000, 0.00000, 0.00000 
0.01824, 0.00000, 0.00000, 0.00000 
0.01889, 0.00000, 0.00000, 0.00000 
0.01955, 0.00000, 0.00000, 0.00000 
0.02020, 0.00000, 0.00000, 0.00000 
0.02086, 0.00000, 0.00000, 0.00000 
0.02151, 0.00000, 0.00000, 0.00000 
0.02218, 0.00000, 0.00000, 0.00000 
0.02283, 0.00000, 0.00000, 0.00000 
0.02350, 0.00000, 0.00000, 0.00000 
0.02415, 0.00000, 0.00000, 0.00000 
0.02482, 0.00000, 0.00000, 0.00000 
0.02547, 0.00000, 0.00000, 0.00000 
0.02614, 0.00000, 0.00000, 0.00000 
0.02679, 0.00000, 0.00000, 0.00000 
0.02762, 0.00000, 0.00000, 0.00000 
0.02839, 0.00000, 0.00000, 0.00000 
0.02904, 0.00000, 0.00000, 0.00000 
0.02971, 0.00000, 0.00000, 0.00000 
0.03036, 0.00000, 0.00000, 0.00000 
0.03103, 0.00000, 0.00000, 0.00000 
0.03168, 0.00000, 0.00000, 0.00000 
0.03238, 0.00000, 0.00000, 0.00000 
0.03303, 0.00000, 0.00000, 0.00000 
0.03370, 0.00000, 0.00000, 0.00000 
0.03436, 0.00000, 0.00000, 0.00000 
0.03503, 0.00000, 0.00000, 0.00000 
0.03567, 0.00000, 0.00000, 0.00000 
0.03634, 0.00000, 0.00000, 0.00000 
0.03699, 0.00000, 0.00000, 0.00000 
0.03829, 0.00000, 0.00000, 0.00000 
0.03898, 0.00000, 0.00000, 0.00000 
0.03964, 0.00000, 0.00000, 0.00000 
0.04032, 0.00000, 0.00000, 0.00000 
0.04098, 0.00000, 0.00000, 0.00000 
0.04165, 0.00000, 0.00000, 0.00000 
0.04231, 0.00000, 0.00000, 0.00000 
0.04297, 0.00000, 0.00000, 0.00000 
0.04362, 0.00000, 0.00000, 0.00000 
0.04430, 0.00000, 0.00000, 0.00000 
0.04496, 0.00000, 0.00000, 0.00000 
0.04562, 0.00000, 0.00000, 0.00000 
0.04628, 0.00000, 0.00000, 0.00000 
0.04694, 0.00000, 0.00000, 0.00000 
0.04767, 0.00000, 0.00000, 0.00000 
0.04845, 0.00000, 0.00000, 0.00000 
0.04911, 0.00000, 0.00000, 0.00000 
0.04976, 0.00000, 0.00000, 0.00000 
0.05040, 0.00000, 0.00000, 0.00000 
0.05105, 0.00000, 0.00000, 0.00000 
0.05181, 0.00000, 0.00000, 0.00000 
0.05245, 0.00000, 0.00000, 0.00000 
0.05309, 0.00000, 0.00000, 0.00000 
0.05373, 0.00000, 0.00000, 0.00000 
0.05438, 0.00000, 0.00000, 0.00000 
0.05513, 0.00000, 0.00000, 0.00000 
0.05597, 0.00000, 0.00000, 0.00000 
0.05692, 0.00000, 0.00000, 0.00000 
0.05781, 0.00000, 0.00000, 0.00000 
0.05858, 0.00000, 0.00000, 0.00000 
0.05921, 0.00000, 0.00000, 0.00000 
0.06018, 0.00000, 0.00000, 0.00000 
0.06102, 0.00000, 0.00000, 0.00000 
0.06199, 0.00000, 0.00000, 0.00000 
0.06296, 0.00000, 0.00000, 0.00000 
0.06382, 0.00000, 0.00000, 0.00000 
0.06447, 0.00000, 0.00000, 0.00000 
0.06541, 0.00000, 0.00000, 0.00000 
0.06627, 0.00000, 0.00000, 0.00000 
0.06730, 0.00000, 0.00000, 0.00000 
0.06819, 0.00000, 0.00000, 0.00000 
0.06916, 0.00000, 0.00000, 0.00000 
0.07016, 0.00000, 0.00000, 0.00000 
0.07110, 0.00000, 0.00000, 0.00000 
0.07196, 0.00000, 0.00000, 0.00000 
0.07291, 0.00000, 0.00000, 0.00000 
0.07378, 0.00000, 0.00000, 0.00000 
0.07478, 0.00000, 0.00000, 0.00000 
0.07574, 0.00000, 0.00000, 0.00000 
0.07672, 0.00000, 0.00000, 0.00000 
0.07800, 0.00000, 0.00000, 0.00000 
0.07891, 0.00000, 0.00000, 0.00000 
0.07978, 0.00000, 0.00000, 0.00000 
0.08073, 0.00000, 0.00000, 0.00000 
0.08161, 0.00000, 0.00000, 0.00000 
0.08261, 0.00000, 0.00000, 0.00000 
0.08358, 0.00000, 0.00000, 0.00000 
0.08458, 0.00000, 0.00000, 0.00000 
0.08575, 0.00000, 0.00000, 0.00000 
0.08639, 0.00000, 0.00000, 0.00000 
0.08705, 0.00000, 0.00000, 0.00000 
0.08810, 0.00000, 0.00000, 0.00000 
0.08908, 0.00000, 0.00000, 0.00000 
0.09024, 0.00000, 0.00000, 0.00000 
0.09123, 0.00000, 0.00000, 0.00000 
0.09188, 0.00000, 0.00000, 0.00000 
0.09632, 0.00000, 0.00000, 0.00000 
0.09953, 0.00000, 0.00000, 0.00000 
0.10041, 0.00000, 0.00000, 0.00000 
0.10132, 0.00000, 0.00000, 0.00000 
0.10231, 0.00000, 0.00000, 0.00000 
0.10491, 0.00000, 0.00000, 0.00000 
0.10648, 0.00000, 0.00000, 0.00000 
0.10909, 0.00000, 0.00000, 0.00000 
0.10981, 0.00000, 0.00000, 0.00000 
0.11091, 0.00000, 0.00000, 0.00000 
0.11233, 0.00000, 0.00000, 0.00000 
0.11414, 0.00000, 0.00000, 0.00000 
0.11689, 0.00000, 0.00000, 0.00000 
0.11771, 0.00000, 0.00000, 0.00000 
0.11956, 0.00000, 0.00000, 0.00000 
0.12136, 0.00000, 0.00000, 0.00000 
0.12229, 0.00000, 0.00000, 0.00000 
0.12332, 0.00000, 0.00000, 0.00000 
0.12437, 0.00000, 0.00000, 0.00000 
0.12515, 0.00000, 0.00000, 0.00000 
0.12618, 0.00000, 0.00000, 0.00000 
0.12943, 0.00000, 0.00000, 0.00000 
0.13081, 0.00000, 0.00000, 0.00000 
0.13206, 0.00000, 0.00000, 0.00000 
0.13310, 0.00000, 0.00000, 0.00000 
0.13390, 0.00000, 0.00000, 0.00000 
0.13530, 0.00000, 0.00000, 0.00000 
0.13613, 0.00000, 0.00000, 0.00000 
0.13822, 0.00000, 0.00000, 0.00000 
0.13907, 0.00000, 0.00000, 0.00000 
0.14019, 0.00000, 0.00000, 0.00000 
0.14165, 0.00000, 0.00000, 0.00000 
0.14251, 0.00000, 0.00000, 0.00000 
0.14329, 0.00000, 0.00000, 0.00000 
0.14442, 0.00000, 0.00000, 0.00000 
0.14617, 0.00000, 0.00000, 0.00000 
0.14860, 0.00000, 0.00000, 0.00000 
0.15002, 0.00000, 0.00000, 0.00000 
0.15095, 0.00000, 0.00000, 0.00000 
0.15165, 0.00000, 0.00000, 0.00000 
0.15309, 0.00000, 0.00000, 0.00000 
0.15391, 0.00000, 0.00000, 0.00000 
0.15496, 0.00000, 0.00000, 0.00000 
0.15742, 0.00000, 0.00000, 0.00000 
0.15903, 0.00000, 0.00000, 0.00000 
0.16061, 0.00000, 0.00000, 0.00000 
0.16212, 0.00000, 0.00000, 0.00000 
0.16356, 0.00000, 0.00000, 0.00000 
0.16462, 0.00000, 0.00000, 0.00000 
0.16545, 0.00000, 0.00000, 0.00000 
0.16693, 0.00000, 0.00000, 0.00000 
0.16937, 0.00000, 0.00000, 0.00000 
0.17012, 0.00000, 0.00000, 0.00000 
0.17208, 0.00000, 0.00000, 0.00000 
0.17285, 0.00000, 0.00000, 0.00000 
0.17371, 0.00000, 0.00000, 0.00000 
0.17470, 0.00000, 0.00000, 0.00000 
0.17558, 0.00000, 0.00000, 0.00000 
0.17680, 0.00000, 0.00000, 0.00000 
0.17785, 0.00000, 0.00000, 0.00000 
0.17929, 0.00000, 0.00000, 0.00000 
0.18078, 0.00000, 0.00000, 0.00000 
0.18189, 0.00000, 0.00000, 0.00000 
0.18298, 0.00000, 0.00000, 0.00000 
0.18444, 0.00000, 0.00000, 0.00000 
0.18558, 0.00000, 0.00000, 0.00000 
0.18681, 0.00000, 0.00000, 0.00000 
0.18790, 0.00000, 0.00000, 0.00000 
0.18925, 0.00000, 0.00000, 0.00000 
0.19036, 0.00000, 0.00000, 0.00000 
0.19150, 0.00000, 0.00000, 0.00000 
0.19293, 0.00000, 0.00000, 0.00000 
0.19459, 0.00000, 0.00000, 0.00000 
0.19574, 0.00000, 0.00000, 0.00000 
0.19748, 0.00000, 0.00000, 0.00000 
0.19857, 0.00000, 0.00000, 0.00000 
0.19934, 0.00000, 0.00000, 0.00000 
0.20032, 0.00000, 0.00000, 0.00000 
0.20117, 0.00000, 0.00000, 0.00000 
0.20241, 0.00000, 0.00000, 0.00000 
0.20440, 0.00000, 0.00000, 0.00000 
0.20567, 0.00000, 0.00000, 0.00000 
0.20652, 0.00000, 0.00000, 0.00000 
0.20808, 0.00000, 0.00000, 0.00000 
0.21109, 0.00000, 0.00000, 0.00000 
0.21235, 0.00000, 0.00000, 0.00000 
0.21384, 0.00000, 0.00000, 0.00000 
0.21497, 0.00000, 0.00000, 0.00000 
0.21583, 0.00000, 0.00000, 0.00000 
0.21663, 0.00000, 0.00000, 0.00000 
0.21774, 0.00000, 0.00000, 0.00000 
0.21878, 0.00000, 0.00000, 0.00000 
0.21982, 0.00000, 0.00000, 0.00000 
0.22111, 0.00000, 0.00000, 0.00000 
0.22473, 0.00000, 0.00000, 0.00000 
0.22586, 0.00000, 0.00000, 0.00000 
0.22706, 0.00000, 0.00000, 0.00000 
0.22832, 0.00000, 0.00000, 0.00000 
0.22968, 0.00000, 0.00000, 0.00000 
0.23080, 0.00000, 0.00000, 0.00000 
0.23251, 0.00000, 0.00000, 0.00000 
0.23367, 0.00000, 0.00000, 0.00000 
0.23495, 0.00000, 0.00000, 0.00000 
0.23608, 0.00000, 0.00000, 0.00000 
0.23776, 0.00000, 0.00000, 0.00000 
0.23926, 0.00000, 0.00000, 0.00000 
0.24079, 0.00000, 0.00000, 0.00000 
0.24288, 0.00000, 0.00000, 0.00000 
0.24440, 0.00000, 0.00000, 0.00000 
0.24566, 0.00000, 0.00000, 0.00000 
0.24737, 0.00000, 0.00000, 0.00000 
0.24952, 0.00000, 0.00000, 0.00000 
0.25064, 0.00000, 0.00000, 0.00000 
0.25145, 0.00000, 0.00000, 0.00000 
0.25281, 0.00000, 0.00000, 0.00000 
0.25391, 0.00000, 0.00000, 0.00000 
0.25542, 0.00000, 0.00000, 0.00000 
0.25654, 0.00000, 0.00000, 0.00000 
0.25742, 0.00000, 0.00000, 0.00000 
0.25905, 0.00000, 0.00000, 0.00000 
0.26117, 0.00000, 0.00000, 0.00000 
0.26297, 0.00000, 0.00000, 0.00000 
0.26464, 0.00000, 0.00000, 0.00000 
0.26555, 0.00000, 0.00000, 0.00000 
0.26687, 0.00000, 0.00000, 0.00000 
0.26744, 0.00000, 0.00000, 0.00000 
0.26969, 0.00000, 0.00000, 0.00000 
0.27104, 0.00000, 0.00000, 0.00000 
0.27292, 0.00000, 0.00000, 0.00000 
0.27454, 0.00000, 0.00000, 0.00000 
0.27645, 0.00000, 0.00000, 0.00000 
0.27773, 0.00000, 0.00000, 0.00000 
0.27876, 0.00000, 0.00000, 0.00000 
0.27963, 0.00000, 0.00000, 0.00000 
0.28202, 0.00000, 0.00000, 0.00000 
0.28334, 0.00000, 0.00000, 0.00000 
0.28544, 0.00000, 0.00000, 0.00000 
0.28668, 0.00000, 0.00000, 0.00000 
0.28741, 0.00000, 0.00000, 0.00000 
0.28845, 0.00000, 0.00000, 0.00000 
0.28937, 0.00000, 0.00000, 0.00000 
0.29069, 0.00000, 0.00000, 0.00000 
0.29179, 0.00000, 0.00000, 0.00000 
0.29275, 0.00000, 0.00000, 0.00000 
0.29351, 0.00000, 0.00000, 0.00000 
0.29463, 0.00000, 0.00000, 0.00000 
0.29622, 0.00000, 0.00000, 0.00000 
0.29847, 0.00000, 0.00000, 0.00000 
0.30127, 0.00000, 0.00000, 0.00000 
0.30212, 0.00000, 0.00000, 0.00000 
0.30344, 0.00000, 0.00000, 0.00000 
0.30475, 0.00000, 0.00000, 0.00000 
0.30632, 0.00000, 0.00000, 0.00000 
0.30777, 0.00000, 0.00000, 0.00000 
0.31044, 0.00000, 0.00000, 0.00000 
0.31155, 0.00000, 0.00000, 0.00000 
0.31272, 0.00000, 0.00000, 0.00000 
0.31473, 0.00000, 0.00000, 0.00000 
0.31648, 0.00000, 0.00000, 0.00000 
0.31819, 0.00000, 0.00000, 0.00000 
0.31932, 0.00000, 0.00000, 0.00000 
0.32017, 0.00000, 0.00000, 0.00000 
0.32155, 0.00000, 0.00000, 0.00000 
0.32269, 0.00000, 0.00000, 0.00000 
0.32467, 0.00000, 0.00000, 0.00000 
0.32564, 0.00000, 0.00000, 0.00000 
0.32635, 0.00000, 0.00000, 0.00000 
0.32757, 0.00000, 0.00000, 0.00000 
0.32877, 0.00000, 0.00000, 0.00000 
0.33044, 0.00000, 0.00000, 0.00000 
0.33235, 0.00000, 0.00000, 0.00000 
0.33360, 0.00000, 0.00000, 0.00000 
0.33477, 0.00000, 0.00000, 0.00000 
0.33588, 0.00000, 0.00000, 0.00000 
0.33712, 0.00000, 0.00000, 0.00000 
0.33788, 0.00000, 0.00000, 0.00000 
0.33907, 0.00000, 0.00000, 0.00000 
0.34106, 0.00000, 0.00000, 0.00000 
0.34279, 0.00000, 0.00000, 0.00000 
0.34432, 0.00000, 0.00000, 0.00000 
0.34581, 0.00000, 0.00000, 0.00000 
0.34660, 0.00000, 0.00000, 0.00000 
0.34790, 0.00000, 0.00000, 0.00000 
0.34901, 0.00000, 0.00000, 0.00000 
0.35054, 0.00000, 0.00000, 0.00000 
0.35196, 0.00000, 0.00000, 0.00000 
0.35398, 0.00000, 0.00000, 0.00000 
0.35575, 0.00000, 0.00000, 0.00000 
0.35705, 0.00000, 0.00000, 0.00000 
0.35839, 0.00000, 0.00000, 0.00000 
0.36118, 0.00000, 0.00000, 0.00000 
0.36244, 0.00000, 0.00000, 0.00000 
0.36334, 0.00000, 0.00000, 0.00000 
0.36539, 0.00000, 0.00000, 0.00000 
0.36617, 0.00000, 0.00000, 0.00000 
0.36725, 0.00000, 0.00000, 0.00000 
0.36910, 0.00000, 0.00000, 0.00000 
0.37112, 0.00000, 0.00000, 0.00000 
0.37199, 0.00000, 0.00000, 0.00000 
0.37360, 0.00000, 0.00000, 0.00000 
0.37466, 0.00000, 0.00000, 0.00000 
0.37726, 0.00000, 0.00000, 0.00000 
0.37852, 0.00000, 0.00000, 0.00000 
0.37977, 0.00000, 0.00000, 0.00000 
0.38093, 0.00000, 0.00000, 0.00000 
0.38204, 0.00000, 0.00000, 0.00000 
0.38286, 0.00000, 0.00000, 0.00000 
0.38458, 0.00000, 0.00000, 0.00000 
0.38577, 0.00000, 0.00000, 0.00000 
0.38648, 0.00000, 0.00000, 0.00000 
0.38732, 0.00000, 0.00000, 0.00000 
0.38813, 0.00000, 0.00000, 0.00000 
0.38943, 0.00000, 0.00000, 0.00000 
0.39078, 0.00000, 0.00000, 0.00000 
0.39271, 0.00000, 0.00000, 0.00000 
0.39436, 0.00000, 0.00000, 0.00000 
0.39547, 0.00000, 0.00000, 0.00000 
0.39758, 0.00000, 0.00000, 0.00000 
0.39845, 0.00000, 0.00000, 0.00000 
0.40132, 0.00000, 0.00000, 0.00000 
0.40224, 0.00000, 0.00000, 0.00000 
0.40373, 0.00000, 0.00000, 0.00000 
0.40479, 0.00000, 0.00000, 0.00000 
0.40596, 0.00000, 0.00000, 0.00000 
0.40657, 0.00000, 0.00000, 0.00000 
0.40841, 0.00000, 0.00000, 0.00000 
0.40982, 0.00000, 0.00000, 0.00000 
0.41111, 0.00000, 0.00000, 0.00000 
0.41289, 0.00000, 0.00000, 0.00000 
0.41408, 0.00000, 0.00000, 0.00000 
0.41610, 0.00000, 0.00000, 0.00000 
0.41731, 0.00000, 0.00000, 0.00000 
0.41872, 0.00000, 0.00000, 0.00000 
0.41950, 0.00000, 0.00000, 0.00000 
0.42065, 0.00000, 0.00000, 0.00000 
0.42297, 0.00000, 0.00000, 0.00000 
0.42688, 0.00000, 0.00000, 0.00000 
0.42860, 0.00000, 0.00000, 0.00000 
0.42933, 0.00000, 0.00000, 0.00000 
0.43043, 0.00000, 0.00000, 0.00000 
0.43196, 0.00000, 0.00000, 0.00000 
0.43328, 0.00000, 0.00000, 0.00000 
0.43560, 0.00000, 0.00000, 0.00000 
0.43757, 0.00000, 0.00000, 0.00000 
0.43901, 0.00000, 0.00000, 0.00000 
0.43992, 0.00000, 0.00000, 0.00000 
0.44108, 0.00000, 0.00000, 0.00000 
0.44230, 0.00000, 0.00000, 0.00000 
0.44378, 0.00000, 0.00000, 0.00000 
0.44505, 0.00000, 0.00000, 0.00000 
0.44665, 0.00000, 0.00000, 0.00000 
0.44782, 0.00000, 0.00000, 0.00000 
0.44909, 0.00000, 0.00000, 0.00000 
0.45051, 0.00000, 0.00000, 0.00000 
0.45129, 0.00000, 0.00000, 0.00000 
0.45240, 0.00000, 0.00000, 0.00000 
0.45372, 0.00000, 0.00000, 0.00000 
0.45592, 0.00000, 0.00000, 0.00000 
0.45867, 0.00000, 0.00000, 0.00000 
0.45946, 0.00000, 0.00000, 0.00000 
0.46059, 0.00000, 0.00000, 0.00000 
0.46232, 0.00000, 0.00000, 0.00000 
0.46301, 0.00000, 0.00000, 0.00000 
0.46444, 0.00000, 0.00000, 0.00000 
0.46641, 0.00000, 0.00000, 0.00000 
0.46738, 0.00000, 0.00000, 0.00000 
0.46811, 0.00000, 0.00000, 0.00000 
0.46925, 0.00000, 0.00000, 0.00000 
0.47052, 0.00000, 0.00000, 0.00000 
0.47214, 0.00000, 0.00000, 0.00000 
0.47399, 0.00000, 0.00000, 0.00000 
0.47542, 0.00000, 0.00000, 0.00000 
0.47703, 0.00000, 0.00000, 0.00000 
0.47780, 0.00000, 0.00000, 0.00000 
0.47861, 0.00000, 0.00000, 0.00000 
0.48059, 0.00000, 0.00000, 0.00000 
0.48220, 0.00000, 0.00000, 0.00000 
0.48353, 0.00000, 0.00000, 0.00000 
0.48459, 0.00000, 0.00000, 0.00000 
0.48576, 0.00000, 0.00000, 0.00000 
0.48743, 0.00000, 0.00000, 0.00000 
0.48831, 0.00000, 0.00000, 0.00000 
0.48961, 0.00000, 0.00000, 0.00000 
0.49143, 0.00000, 0.00000, 0.00000 
0.49260, 0.00000, 0.00000, 0.00000 
0.49389, 0.00000, 0.00000, 0.00000 
0.49474, 0.00000, 0.00000, 0.00000 
0.49640, 0.00000, 0.00000, 0.00000 
0.49770, 0.00000, 0.00000, 0.00000 
0.49921, 0.00000, 0.00000, 0.00000 
0.50035, 0.00000, 0.00000, 0.00000 
0.50104, 0.00000, 0.00000, 0.00000 
0.50246, 0.00000, 0.00000, 0.00000 
0.50378, 0.00000, 0.00000, 0.00000 
0.50552, 0.00000, 0.00000, 0.00000 
0.50673, 0.00000, 0.00000, 0.00000 
0.50833, 0.00000, 0.00000, 0.00000 
0.50980, 0.00000, 0.00000, 0.00000 
0.51125, 0.00000, 0.00000, 0.00000 
0.51246, 0.00000, 0.00000, 0.00000 
0.51324, 0.00000, 0.00000, 0.00000 
0.51400, 0.00000, 0.00000, 0.00000 
0.51541, 0.00000, 0.00000, 0.00000 
0.51626, 0.00000, 0.00000, 0.00000 
0.51804, 0.00000, 0.00000, 0.00000 
0.51998, 0.00000, 0.00000, 0.00000 
0.52112, 0.00000, 0.00000, 0.00000 
0.52288, 0.00000, 0.00000, 0.00000 
0.52383, 0.00000, 0.00000, 0.00000 
0.52515, 0.00000, 0.00000, 0.00000 
0.52657, 0.00000, 0.00000, 0.00000 
0.52935, 0.00000, 0.00000, 0.00000 
0.53011, 0.00000, 0.00000, 0.00000 
0.53090, 0.00000, 0.00000, 0.00000 
0.53202, 0.00000, 0.00000, 0.00000 
0.53348, 0.00000, 0.00000, 0.00000 
0.53470, 0.00000, 0.00000, 0.00000 
0.53623, 0.00000, 0.00000, 0.00000 
0.53760, 0.00000, 0.00000, 0.00000 
0.53878, 0.00000, 0.00000, 0.00000 
0.53985, 0.00000, 0.00000, 0.00000 
0.54059, 0.00000, 0.00000, 0.00000 
0.54168, 0.00000, 0.00000, 0.00000 
0.54226, 0.00000, 0.00000, 0.00000 
0.54290, 0.00000, 0.00000, 0.00000 
0.54527, 0.00000, 0.00000, 0.00000 
0.54634, 0.00000, 0.00000, 0.00000 
0.54918, 0.00000, 0.00000, 0.00000 
0.55054, 0.00000, 0.00000, 0.00000 
0.55158, 0.00000, 0.00000, 0.00000 
0.55466, 0.00000, 0.00000, 0.00000 
0.55542, 0.00000, 0.00000, 0.00000 
0.55629, 0.00000, 0.00000, 0.00000 
0.55757, 0.00000, 0.00000, 0.00000 
0.55892, 0.00000, 0.00000, 0.00000 
0.56018, 0.00000, 0.00000, 0.00000 
0.56135, 0.00000, 0.00000, 0.00000 
0.56221, 0.00000, 0.00000, 0.00000 
0.56324, 0.00000, 0.00000, 0.00000 
0.56583, 0.00000, 0.00000, 0.00000 
0.56744, 0.00000, 0.00000, 0.00000 
0.56866, 0.00000, 0.00000, 0.00000 
0.56944, 0.00000, 0.00000, 0.00000 
0.57042, 0.00000, 0.00000, 0.00000 
0.57167, 0.00000, 0.00000, 0.00000 
0.57350, 0.00000, 0.00000, 0.00000 
0.57566, 0.00000, 0.00000, 0.00000 
0.57671, 0.00000, 0.00000, 0.00000 
0.57845, 0.00000, 0.00000, 0.00000 
0.58098, 0.00000, 0.00000, 0.00000 
0.58267, 0.00000, 0.00000, 0.00000 
0.58479, 0.00000, 0.00000, 0.00000 
0.58588, 0.00000, 0.00000, 0.00000 
0.58667, 0.00000, 0.00000, 0.00000 
0.58751, 0.00000, 0.00000, 0.00000 
0.58906, 0.00000, 0.00000, 0.00000 
0.59017, 0.00000, 0.00000, 0.00000 
0.59095, 0.00000, 0.00000, 0.00000 
0.59264, 0.00000, 0.00000, 0.00000 
0.59411, 0.00000, 0.00000, 0.00000 
0.59508, 0.00000, 0.00000, 0.00000 
0.59699, 0.00000, 0.00000, 0.00000 
0.59813, 0.00000, 0.00000, 0.00000 
0.59908, 0.00000, 0.00000, 0.00000 
0.59977, 0.00000, 0.00000, 0.00000 
0.60122, 0.00000, 0.00000, 0.00000 
0.60223, 0.00000, 0.00000, 0.00000 
0.60315, 0.00000, 0.00000, 0.00000 
0.60435, 0.00000, 0.00000, 0.00000 
0.60584, 0.00000, 0.00000, 0.00000 
0.60667, 0.00000, 0.00000, 0.00000 
0.60821, 0.00000, 0.00000, 0.00000 
0.60979, 0.00000, 0.00000, 0.00000 
0.61066, 0.00000, 0.00000, 0.00000 
0.61297, 0.00000, 0.00000, 0.00000 
0.61416, 0.00000, 0.00000, 0.00000 
0.61579, 0.00000, 0.00000, 0.00000 
0.61747, 0.00000, 0.00000, 0.00000 
0.61884, 0.00000, 0.00000, 0.00000 
0.62045, 0.00000, 0.00000, 0.00000 
0.62243, 0.00000, 0.00000, 0.00000 
0.62368, 0.00000, 0.00000, 0.00000 
0.62483, 0.00000, 0.00000, 0.00000 
0.62627, 0.00000, 0.00000, 0.00000 
0.62755, 0.00000, 0.00000, 0.00000 
0.62834, 0.00000, 0.00000, 0.00000 
0.63032, 0.00000, 0.00000, 0.00000 
0.63170, 0.00000, 0.00000, 0.00000 
0.63331, 0.00000, 0.00000, 0.00000 
0.63440, 0.00000, 0.00000, 0.00000 
0.63576, 0.00000, 0.00000, 0.00000 
0.63909, 0.00000, 0.00000, 0.00000 
0.64030, 0.00000, 0.00000, 0.00000 
0.64137, 0.00000, 0.00000, 0.00000 
0.64216, 0.00000, 0.00000, 0.00000 
0.64347, 0.00000, 0.00000, 0.00000 
0.64472, 0.00000, 0.00000, 0.00000 
0.64550, 0.00000, 0.00000, 0.00000 
0.64668, 0.00000, 0.00000, 0.00000 
0.64866, 0.00000, 0.00000, 0.00000 
0.65003, 0.00000, 0.00000, 0.00000 
0.65102, 0.00000, 0.00000, 0.00000 
0.65208, 0.00000, 0.00000, 0.00000 
0.65286, 0.00000, 0.00000, 0.00000 
0.65426, 0.00000, 0.00000, 0.00000 
0.65537, 0.00000, 0.00000, 0.00000 
0.65753, 0.00000, 0.00000, 0.00000 
0.65882, 0.00000, 0.00000, 0.00000 
0.66049, 0.00000, 0.00000, 0.00000 
0.66125, 0.00000, 0.00000, 0.00000 
0.66233, 0.00000, 0.00000, 0.00000 
0.66362, 0.00000, 0.00000, 0.00000 
0.66480, 0.00000, 0.00000, 0.00000 
0.66586, 0.00000, 0.00000, 0.00000 
0.66695, 0.00000, 0.00000, 0.00000 
0.66898, 0.00000, 0.00000, 0.00000 
0.67048, 0.00000, 0.00000, 0.00000 
0.67171, 0.00000, 0.00000, 0.00000 
0.67393, 0.00000, 0.00000, 0.00000 
0.67517, 0.00000, 0.00000, 0.00000 
0.67631, 0.00000, 0.00000, 0.00000 
0.67768, 0.00000, 0.00000, 0.00000 
0.67916, 0.00000, 0.00000, 0.00000 
0.68126, 0.00000, 0.00000, 0.00000 
0.68211, 0.00000, 0.00000, 0.00000 
0.68308, 0.00000, 0.00000, 0.00000 
0.68467, 0.00000, 0.00000, 0.00000 
0.68623, 0.00000, 0.00000, 0.00000 
0.68757, 0.00000, 0.00000, 0.00000 
0.68896, 0.00000, 0.00000, 0.00000 
0.69001, 0.00000, 0.00000, 0.00000 
0.69138, 0.00000, 0.00000, 0.00000 
0.69263, 0.00000, 0.00000, 0.00000 
0.69509, 0.00000, 0.00000, 0.00000 
0.69614, 0.00000, 0.00000, 0.00000 
0.69748, 0.00000, 0.00000, 0.00000 
0.69871, 0.00000, 0.00000, 0.00000 
0.70011, 0.00000, 0.00000, 0.00000 
0.70121, 0.00000, 0.00000, 0.00000 
0.70222, 0.00000, 0.00000, 0.00000 
0.70340, 0.00000, 0.00000, 0.00000 
0.70430, 0.00000, 0.00000, 0.00000 
0.70579, 0.00000, 0.00000, 0.00000 
0.70656, 0.00000, 0.00000, 0.00000 
0.70818, 0.00000, 0.00000, 0.00000 
0.70944, 0.00000, 0.00000, 0.00000 
0.71092, 0.00000, 0.00000, 0.00000 
0.71213, 0.00000, 0.00000, 0.00000 
0.71347, 0.00000, 0.00000, 0.00000 
0.71491, 0.00000, 0.00000, 0.00000 
0.71607, 0.00000, 0.00000, 0.00000 
0.71737, 0.00000, 0.00000, 0.00000 
0.71913, 0.00000, 0.00000, 0.00000 
0.72009, 0.00000, 0.00000, 0.00000 
0.72142, 0.00000, 0.00000, 0.00000 
0.72332, 0.00000, 0.00000, 0.00000 
0.72409, 0.00000, 0.00000, 0.00000 
0.72563, 0.00000, 0.00000, 0.00000 
0.72653, 0.00000, 0.00000, 0.00000 
0.72756, 0.00000, 0.00000, 0.00000 
0.72896, 0.00000, 0.00000, 0.00000 
0.72995, 0.00000, 0.00000, 0.00000 
0.73117, 0.00000, 0.00000, 0.00000 
0.73321, 0.00000, 0.00000, 0.00000 
0.73652, 0.00000, 0.00000, 0.00000 
0.73743, 0.00000, 0.00000, 0.00000 
0.73829, 0.00000, 0.00000, 0.00000 
0.73926, 0.00000, 0.00000, 0.00000 
0.74070, 0.00000, 0.00000, 0.00000 
0.74218, 0.00000, 0.00000, 0.00000 
0.74362, 0.00000, 0.00000, 0.00000 
0.74490, 0.00000, 0.00000, 0.00000 
0.74586, 0.00000, 0.00000, 0.00000 
0.74731, 0.00000, 0.00000, 0.00000 
0.74828, 0.00000, 0.00000, 0.00000 
0.74964, 0.00000, 0.00000, 0.00000 
0.75068, 0.00000, 0.00000, 0.00000 
0.75351, 0.00000, 0.00000, 0.00000 
0.75521, 0.00000, 0.00000, 0.00000 
0.75692, 0.00000, 0.00000, 0.00000 
0.75795, 0.00000, 0.00000, 0.00000 
0.75907, 0.00000, 0.00000, 0.00000 
0.76026, 0.00000, 0.00000, 0.00000 
0.76159, 0.00000, 0.00000, 0.00000 
0.76288, 0.00000, 0.00000, 0.00000 
0.76413, 0.00000, 0.00000, 0.00000 
0.76599, 0.00000, 0.00000, 0.00000 
0.76712, 0.00000, 0.00000, 0.00000 
0.76898, 0.00000, 0.00000, 0.00000 
0.77035, 0.00000, 0.00000, 0.00000 
0.77207, 0.00000, 0.00000, 0.00000 
0.77352, 0.00000, 0.00000, 0.00000 
0.77471, 0.00000, 0.00000, 0.00000 
0.77549, 0.00000, 0.00000, 0.00000 
0.77660, 0.00000, 0.00000, 0.00000 
0.77806, 0.00000, 0.00000, 0.00000 
0.78045, 0.00000, 0.00000, 0.00000 
0.78226, 0.00000, 0.00000, 0.00000 
0.78308, 0.00000, 0.00000, 0.00000 
0.78464, 0.00000, 0.00000, 0.00000 
0.78592, 0.00000, 0.00000, 0.00000 
0.78778, 0.00000, 0.00000, 0.00000 
0.78976, 0.00000, 0.00000, 0.00000 
0.79149, 0.00000, 0.00000, 0.00000 
0.79230, 0.00000, 0.00000, 0.00000 
0.79327, 0.00000, 0.00000, 0.00000 
0.79426, 0.00000, 0.00000, 0.00000 
0.79658, 0.00000, 0.00000, 0.00000 
0.79936, 0.00000, 0.00000, 0.00000 
0.80054, 0.00000, 0.00000, 0.00000 
0.80139, 0.00000, 0.00000, 0.00000 
0.80269, 0.00000, 0.00000, 0.00000 
0.80402, 0.00000, 0.00000, 0.00000 
0.80514, 0.00000, 0.00000, 0.00000 
0.80638, 0.00000, 0.00000, 0.00000 
0.80764, 0.00000, 0.00000, 0.00000 
0.80836, 0.00000, 0.00000, 0.00000 
0.80999, 0.00000, 0.00000, 0.00000 
0.81122, 0.00000, 0.00000, 0.00000 
0.81205, 0.00000, 0.00000, 0.00000 
0.81404, 0.00000, 0.00000, 0.00000 
0.81518, 0.00000, 0.00000, 0.00000 
0.81680, 0.00000, 0.00000, 0.00000 
0.81869, 0.00000, 0.00000, 0.00000 
0.81966, 0.00000, 0.00000, 0.00000 
0.82046, 0.00000, 0.00000, 0.00000 
0.82187, 0.00000, 0.00000, 0.00000 
0.82266, 0.00000, 0.00000, 0.00000 
0.82374, 0.00000, 0.00000, 0.00000 
0.82487, 0.00000, 0.00000, 0.00000 
0.82647, 0.00000, 0.00000, 0.00000 
0.82886, 0.00000, 0.00000, 0.00000 
0.82973, 0.00000, 0.00000, 0.00000 
0.83087, 0.00000, 0.00000, 0.00000 
0.83162, 0.00000, 0.00000, 0.00000 
0.83319, 0.00000, 0.00000, 0.00000 
0.83481, 0.00000, 0.00000, 0.00000 
0.83689, 0.00000, 0.00000, 0.00000 
0.83861, 0.00000, 0.00000, 0.00000 
0.83995, 0.00000, 0.00000, 0.00000 
0.84253, 0.00000, 0.00000, 0.00000 
0.84457, 0.00000, 0.00000, 0.00000 
0.84581, 0.00000, 0.00000, 0.00000 
0.84700, 0.00000, 0.00000, 0.00000 
0.84822, 0.00000, 0.00000, 0.00000 
0.84940, 0.00000, 0.00000, 0.00000 
0.85092, 0.00000, 0.00000, 0.00000 
0.85268, 0.00000, 0.00000, 0.00000 
0.85443, 0.00000, 0.00000, 0.00000 
0.85620, 0.00000, 0.00000, 0.00000 
0.85706, 0.00000, 0.00000, 0.00000 
0.85920, 0.00000, 0.00000, 0.00000 
0.86029, 0.00000, 0.00000, 0.00000 
0.86174, 0.00000, 0.00000, 0.00000 
0.86259, 0.00000, 0.00000, 0.00000 
0.86368, 0.00000, 0.00000, 0.00000 
0.86612, 0.00000, 0.00000, 0.00000 
0.86872, 0.00000, 0.00000, 0.00000 
0.86951, 0.00000, 0.00000, 0.00000 
0.87063, 0.00000, 0.00000, 0.00000 
0.87182, 0.00000, 0.00000, 0.00000 
0.87281, 0.00000, 0.00000, 0.00000 
0.87455, 0.00000, 0.00000, 0.00000 
0.87581, 0.00000, 0.00000, 0.00000 
0.87723, 0.00000, 0.00000, 0.00000 
0.87954, 0.00000, 0.00000, 0.00000 
0.88059, 0.00000, 0.00000, 0.00000 
0.88175, 0.00000, 0.00000, 0.00000 
0.88307, 0.00000, 0.00000, 0.00000 
0.88443, 0.00000, 0.00000, 0.00000 
0.88682, 0.00000, 0.00000, 0.00000 
0.88886, 0.00000, 0.00000, 0.00000 
0.88978, 0.00000, 0.00000, 0.00000 
0.89110, 0.00000, 0.00000, 0.00000 
0.89220, 0.00000, 0.00000, 0.00000 
0.89313, 0.00000, 0.00000, 0.00000 
0.89435, 0.00000, 0.00000, 0.00000 
0.89651, 0.00000, 0.00000, 0.00000 
0.89768, 0.00000, 0.00000, 0.00000 
0.89896, 0.00000, 0.00000, 0.00000 
0.90046, 0.00000, 0.00000, 0.00000 
0.90187, 0.00000, 0.00000, 0.00000 
0.90312, 0.00000, 0.00000, 0.00000 
0.90452, 0.00000, 0.00000, 0.00000 
0.90550, 0.00000, 0.00000, 0.00000 
0.90664, 0.00000, 0.00000, 0.00000 
0.90764, 0.00000, 0.00000, 0.00000 
0.90942, 0.00000, 0.00000, 0.00000 
0.91082, 0.00000, 0.00000, 0.00000 
0.91338, 0.00000, 0.00000, 0.00000 
0.91457, 0.00000, 0.00000, 0.00000 
0.91535, 0.00000, 0.00000, 0.00000 
0.91633, 0.00000, 0.00000, 0.00000 
0.91725, 0.00000, 0.00000, 0.00000 
0.91947, 0.00000, 0.00000, 0.00000 
0.92132, 0.00000, 0.00000, 0.00000 
0.92270, 0.00000, 0.00000, 0.00000 
0.92426, 0.00000, 0.00000, 0.00000 
0.92565, 0.00000, 0.00000, 0.00000 
0.92710, 0.00000, 0.00000, 0.00000 
0.92981, 0.00000, 0.00000, 0.00000 
0.93109, 0.00000, 0.00000, 0.00000 
0.93194, 0.00000, 0.00000, 0.00000 
0.93283, 0.00000, 0.00000, 0.00000 
0.93406, 0.00000, 0.00000, 0.00000 
0.93517, 0.00000, 0.00000, 0.00000 
0.93689, 0.00000, 0.00000, 0.00000 
0.93917, 0.00000, 0.00000, 0.00000 
0.94050, 0.00000, 0.00000, 0.00000 
0.94126, 0.00000, 0.00000, 0.00000 
0.94238, 0.00000, 0.00000, 0.00000 
0.94408, 0.00000, 0.00000, 0.00000 
0.94470, 0.00000, 0.00000, 0.00000 
0.94639, 0.00000, 0.00000, 0.00000 
0.94776, 0.00000, 0.00000, 0.00000 
0.94899, 0.00000, 0.00000, 0.00000 
0.95065, 0.00000, 0.00000, 0.00000 
0.95175, 0.00000, 0.00000, 0.00000 
0.95289, 0.00000, 0.00000, 0.00000 
0.95400, 0.00000, 0.00000, 0.00000 
0.95485, 0.00000, 0.00000, 0.00000 
0.95766, 0.00000, 0.00000, 0.00000 
0.95928, 0.00000, 0.00000, 0.00000 
0.96011, 0.00000, 0.00000, 0.00000 
0.96116, 0.00000, 0.00000, 0.00000 
0.96232, 0.00000, 0.00000, 0.00000 
0.96359, 0.00000, 0.00000, 0.00000 
0.96437, 0.00000, 0.00000, 0.00000 
0.96574, 0.00000, 0.00000, 0.00000 
0.96713, 0.00000, 0.00000, 0.00000 
0.96900, 0.00000, 0.00000, 0.00000 
0.97030, 0.00000, 0.00000, 0.00000 
0.97157, 0.00000, 0.00000, 0.00000 
0.97286, 0.00000, 0.00000, 0.00000 
0.97383, 0.00000, 0.00000, 0.00000 
0.97480, 0.00000, 0.00000, 0.00000 
0.97604, 0.00000, 0.00000, 0.00000 
0.97774, 0.00000, 0.00000, 0.00000 
0.97867, 0.00000, 0.00000, 0.00000 
0.98040, 0.00000, 0.00000, 0.00000 
0.98167, 0.00000, 0.00000, 0.00000 
0.98296, 0.00000, 0.00000, 0.00000 
0.98414, 0.00000, 0.00000, 0.00000 
0.98630, 0.00000, 0.00000, 0.00000 
0.98770, 0.00000, 0.00000, 0.00000 
0.98945, 0.00000, 0.00000, 0.00000 
0.99087, 0.00000, 0.00000, 0.00000 
0.99316, 0.00000, 0.00000, 0.00000 
0.99482, 0.00000, 0.00000, 0.00000 
0.99621, 0.00000, 0.00000, 0.00000 
0.99740, 0.00000, 0.00000, 0.00000 
0.99847, 0.00000, 0.00000, 0.00000 
1.00031, 0.00000, 0.00000, 0.00000 
1.00180, 0.00000, 0.00000, 0.00000 
1.00313, 0.00000, 0.00000, 0.00000 
1.00433, 0.00000, 0.00000, 0.00000 
1.00548, 0.00000, 0.00000, 0.00000 
1.00633, 0.00000, 0.00000, 0.00000 
1.00793, 0.00000, 0.00000, 0.00000 
1.00857, 0.00000, 0.00000, 0.00000 
1.00945, 0.00000, 0.00000, 0.00000 
1.01122, 0.00000, 0.00000, 0.00000 
1.01257, 0.00000, 0.00000, 0.00000 
1.01389, 0.00000, 0.00000, 0.00000 
1.01516, 0.00000, 0.00000, 0.00000 
1.01646, 0.00000, 0.00000, 0.00000 
1.01759, 0.00000, 0.00000, 0.00000 
1.01840, 0.00000, 0.00000, 0.00000 
1.01971, 0.00000, 0.00000, 0.00000 
1.02080, 0.00000, 0.00000, 0.00000 
1.02235, 0.00000, 0.00000, 0.00000 
1.02452, 0.00000, 0.00000, 0.00000 
1.02567, 0.00000, 0.00000, 0.00000 
1.02707, 0.00000, 0.00000, 0.00000 
1.02826, 0.00000, 0.00000, 0.00000 
1.03000, 0.00000, 0.00000, 0.00000 
1.03128, 0.00000, 0.00000, 0.00000 
1.03359, 0.00000, 0.00000, 0.00000 
1.03469, 0.00000, 0.00000, 0.00000 
1.03545, 0.00000, 0.00000, 0.00000 
1.03639, 0.00000, 0.00000, 0.00000 
1.03709, 0.00000, 0.00000, 0.00000 
1.03968, 0.00000, 0.00000, 0.00000 
1.04105, 0.00000, 0.00000, 0.00000 
1.04228, 0.00000, 0.00000, 0.00000 
1.04399, 0.00000, 0.00000, 0.00000 
1.04500, 0.00000, 0.00000, 0.00000 
1.04565, 0.00000, 0.00000, 0.00000 
1.04728, 0.00000, 0.00000, 0.00000 
1.04934, 0.00000, 0.00000, 0.00000 
1.05151, 0.00000, 0.00000, 0.00000 
1.05310, 0.00000, 0.00000, 0.00000 
1.05485, 0.00000, 0.00000, 0.00000 
1.05604, 0.00000, 0.00000, 0.00000 
1.05688, 0.00000, 0.00000, 0.00000 
1.05787, 0.00000, 0.00000, 0.00000 
1.05887, 0.00000, 0.00000, 0.00000 
1.05990, 0.00000, 0.00000, 0.00000 
1.06082, 0.00000, 0.00000, 0.00000 
1.06146, 0.00000, 0.00000, 0.00000 
1.06252, 0.00000, 0.00000, 0.00000 
1.06309, 0.00000, 0.00000, 0.00000 
1.06430, 0.00000, 0.00000, 0.00000 
1.06489, 0.00000, 0.00000, 0.00000 
1.06544, 0.00000, 0.00000, 0.00000 
1.06609, 0.00000, 0.00000, 0.00000 
1.06684, 0.00000, 0.00000, 0.00000 
1.06749, 0.00000, 0.00000, 0.00000 
1.06813, 0.00000, 0.00000, 0.00000 
1.06875, 0.00000, 0.00000, 0.00000 
1.06939, 0.00000, 0.00000, 0.00000 
1.07014, 0.00000, 0.00000, 0.00000 
1.07204, 0.00000, 0.00000, 0.00000 
1.07286, 0.00000, 0.00000, 0.00000 
1.07379, 0.00000, 0.00000, 0.00000 
1.07701, 0.00000, 0.00000, 0.00000 
1.08078, 0.00000, 0.00000, 0.00000 
1.08158, 0.00000, 0.00000, 0.00000 
1.08269, 0.00000, 0.00000, 0.00000 
1.08373, 0.00000, 0.00000, 0.00000 
1.08528, 0.00000, 0.00000, 0.00000 
1.08645, 0.00000, 0.00000, 0.00000 
1.08711, 0.00000, 0.00000, 0.00000 
1.08879, 0.00000, 0.00000, 0.00000 
1.08982, 0.00000, 0.00000, 0.00000 
1.09105, 0.00000, 0.00000, 0.00000 
1.09237, 0.00000, 0.00000, 0.00000 
1.09393, 0.00000, 0.00000, 0.00000 
1.09473, 0.00000, 0.00000, 0.00000 
1.09604, 0.00000, 0.00000, 0.00000 
1.09732, 0.00000, 0.00000, 0.00000 
1.09839, 0.00000, 0.00000, 0.00000 
1.09916, 0.00000, 0.00000, 0.00000 
1.10016, 0.00000, 0.00000, 0.00000 
1.10211, 0.00000, 0.00000, 0.00000 
1.10339, 0.00000, 0.00000, 0.00000 
1.10459, 0.00000, 0.00000, 0.00000 
1.10576, 0.00000, 0.00000, 0.00000 
1.10699, 0.00000, 0.00000, 0.00000 
1.10820, 0.00000, 0.00000, 0.00000 
1.10962, 0.00000, 0.00000, 0.00000 
1.11027, 0.00000, 0.00000, 0.00000 
1.11127, 0.00000, 0.00000, 0.00000 
1.11223, 0.00000, 0.00000, 0.00000 
1.11347, 0.00000, 0.00000, 0.00000 
1.11477, 0.00000, 0.00000, 0.00000 
1.11592, 0.00000, 0.00000, 0.00000 
1.11754, 0.00000, 0.00000, 0.00000 
1.11944, 0.00000, 0.00000, 0.00000 
1.12049, 0.00000, 0.00000, 0.00000 
1.12140, 0.00000, 0.00000, 0.00000 
1.12271, 0.00000, 0.00000, 0.00000 
1.12380, 0.00000, 0.00000, 0.00000 
1.12454, 0.00000, 0.00000, 0.00000 
1.12664, 0.00000, 0.00000, 0.00000 
1.12824, 0.00000, 0.00000, 0.00000 
1.12948, 0.00000, 0.00000, 0.00000 
1.13026, 0.00000, 0.00000, 0.00000 
1.13158, 0.00000, 0.00000, 0.00000 
1.13320, 0.00000, 0.00000, 0.00000 
1.13476, 0.00000, 0.00000, 0.00000 
1.13603, 0.00000, 0.00000, 0.00000 
1.13777, 0.00000, 0.00000, 0.00000 
1.13905, 0.00000, 0.00000, 0.00000 
1.14019, 0.00000, 0.00000, 0.00000 
1.14179, 0.00000, 0.00000, 0.00000 
1.14358, 0.00000, 0.00000, 0.00000 
1.14540, 0.00000, 0.00000, 0.00000 
1.14606, 0.00000, 0.00000, 0.00000 
1.14707, 0.00000, 0.00000, 0.00000 
1.14850, 0.00000, 0.00000, 0.00000 
1.14999, 0.00000, 0.00000, 0.00000 
1.15148, 0.00000, 0.00000, 0.00000 
1.15261, 0.00000, 0.00000, 0.00000 
1.15345, 0.00000, 0.00000, 0.00000 
1.15443, 0.00000, 0.00000, 0.00000 
1.15571, 0.00000, 0.00000, 0.00000 
1.15676, 0.00000, 0.00000, 0.00000 
1.15886, 0.00000, 0.00000, 0.00000 
1.16023, 0.00000, 0.00000, 0.00000 
1.16140, 0.00000, 0.00000, 0.00000 
1.16260, 0.00000, 0.00000, 0.00000 
1.16338, 0.00000, 0.00000, 0.00000 
1.16459, 0.00000, 0.00000, 0.00000 
1.16601, 0.00000, 0.00000, 0.00000 
1.16765, 0.00000, 0.00000, 0.00000 
1.16890, 0.00000, 0.00000, 0.00000 
1.17021, 0.00000, 0.00000, 0.00000 
1.17150, 0.00000, 0.00000, 0.00000 
1.17364, 0.00000, 0.00000, 0.00000 
1.17542, 0.00000, 0.00000, 0.00000 
1.17653, 0.00000, 0.00000, 0.00000 
1.17733, 0.00000, 0.00000, 0.00000 
1.17816, 0.00000, 0.00000, 0.00000 
1.18016, 0.00000, 0.00000, 0.00000 
1.18146, 0.00000, 0.00000, 0.00000 
1.18270, 0.00000, 0.00000, 0.00000 
1.18387, 0.00000, 0.00000, 0.00000 
1.18580, 0.00000, 0.00000, 0.00000 
1.18713, 0.00000, 0.00000, 0.00000 
1.18862, 0.00000, 0.00000, 0.00000 
1.19020, 0.00000, 0.00000, 0.00000 
1.19153, 0.00000, 0.00000, 0.00000 
1.19265, 0.00000, 0.00000, 0.00000 
1.19437, 0.00000, 0.00000, 0.00000 
1.19621, 0.00000, 0.00000, 0.00000 
1.19818, 0.00000, 0.00000, 0.00000 
1.20063, 0.00000, 0.00000, 0.00000 
1.20154, 0.00000, 0.00000, 0.00000 
1.20222, 0.00000, 0.00000, 0.00000 
1.20364, 0.00000, 0.00000, 0.00000 
1.20457, 0.00000, 0.00000, 0.00000 
1.20583, 0.00000, 0.00000, 0.00000 
1.20791, 0.00000, 0.00000, 0.00000 
1.20908, 0.00000, 0.00000, 0.00000 
1.21025, 0.00000, 0.00000, 0.00000 
1.21155, 0.00000, 0.00000, 0.00000 
1.21270, 0.00000, 0.00000, 0.00000 
1.21380, 0.00000, 0.00000, 0.00000 
1.21458, 0.00000, 0.00000, 0.00000 
1.21619, 0.00000, 0.00000, 0.00000 
1.21731, 0.00000, 0.00000, 0.00000 
1.21854, 0.00000, 0.00000, 0.00000 
1.22046, 0.00000, 0.00000, 0.00000 
1.22113, 0.00000, 0.00000, 0.00000 
1.22199, 0.00000, 0.00000, 0.00000 
1.22339, 0.00000, 0.00000, 0.00000 
1.22455, 0.00000, 0.00000, 0.00000 
1.22569, 0.00000, 0.00000, 0.00000 
1.22632, 0.00000, 0.00000, 0.00000 
1.22705, 0.00000, 0.00000, 0.00000 
1.22858, 0.00000, 0.00000, 0.00000 
1.23086, 0.00000, 0.00000, 0.00000 
1.23217, 0.00000, 0.00000, 0.00000 
1.23326, 0.00000, 0.00000, 0.00000 
1.23472, 0.00000, 0.00000, 0.00000 
1.23555, 0.00000, 0.00000, 0.00000 
1.23630, 0.00000, 0.00000, 0.00000 
1.23704, 0.00000, 0.00000, 0.00000 
1.24014, 0.00000, 0.00000, 0.00000 
1.24209, 0.00000, 0.00000, 0.00000 
1.24336, 0.00000, 0.00000, 0.00000 
1.24413, 0.00000, 0.00000, 0.00000 
1.24513, 0.00000, 0.00000, 0.00000 
1.24611, 0.00000, 0.00000, 0.00000 
1.24865, 0.00000, 0.00000, 0.00000 
1.24990, 0.00000, 0.00000, 0.00000 
1.25064, 0.00000, 0.00000, 0.00000 
1.25172, 0.00000, 0.00000, 0.00000 
1.25229, 0.00000, 0.00000, 0.00000 
1.25290, 0.00000, 0.00000, 0.00000 
1.25374, 0.00000, 0.00000, 0.00000 
1.25443, 0.00000, 0.00000, 0.00000 
1.25594, 0.00000, 0.00000, 0.00000 
1.25665, 0.00000, 0.00000, 0.00000 
1.25734, 0.00000, 0.00000, 0.00000 
1.25799, 0.00000, 0.00000, 0.00000 
1.25865, 0.00000, 0.00000, 0.00000 
1.25930, 0.00000, 0.00000, 0.00000 
1.25994, 0.00000, 0.00000, 0.00000 
1.26057, 0.00000, 0.00000, 0.00000 
1.26134, 0.00000, 0.00000, 0.00000 
1.26198, 0.00000, 0.00000, 0.00000 
1.26262, 0.00000, 0.00000, 0.00000 
1.26337, 0.00000, 0.00000, 0.00000 
1.26400, 0.00000, 0.00000, 0.00000 
1.26464, 0.00000, 0.00000, 0.00000 
1.26528, 0.00000, 0.00000, 0.00000 
1.26592, 0.00000, 0.00000, 0.00000 
1.26656, 0.00000, 0.00000, 0.00000 
1.26739, 0.00000, 0.00000, 0.00000 
1.27102, 0.00000, 0.00000, 0.00000 
1.27217, 0.00000, 0.00000, 0.00000 
1.27333, 0.00000, 0.00000, 0.00000 
1.27415, 0.00000, 0.00000, 0.00000 
1.27571, 0.00000, 0.00000, 0.00000 
1.27638, 0.00000, 0.00000, 0.00000 
1.27846, 0.00000, 0.00000, 0.00000 
1.27954, 0.00000, 0.00000, 0.00000 
1.28081, 0.00000, 0.00000, 0.00000 
1.28212, 0.00000, 0.00000, 0.00000 
1.28320, 0.00000, 0.00000, 0.00000 
1.28502, 0.00000, 0.00000, 0.00000 
1.28586, 0.00000, 0.00000, 0.00000 
1.28706, 0.00000, 0.00000, 0.00000 
1.28965, 0.00000, 0.00000, 0.00000 
1.29080, 0.00000, 0.00000, 0.00000 
1.29217, 0.00000, 0.00000, 0.00000 
1.29363, 0.00000, 0.00000, 0.00000 
1.29481, 0.00000, 0.00000, 0.00000 
1.29653, 0.00000, 0.00000, 0.00000 
1.29798, 0.00000, 0.00000, 0.00000 
1.29891, 0.00000, 0.00000, 0.00000 
1.29961, 0.00000, 0.00000, 0.00000 
1.30106, 0.00000, 0.00000, 0.00000 
1.30187, 0.00000, 0.00000, 0.00000 
1.30290, 0.00000, 0.00000, 0.00000 
1.30381, 0.00000, 0.00000, 0.00000 
1.30459, 0.00000, 0.00000, 0.00000 
1.30560, 0.00000, 0.00000, 0.00000 
1.30662, 0.00000, 0.00000, 0.00000 
1.30737, 0.00000, 0.00000, 0.00000 
1.31020, 0.00000, 0.00000, 0.00000 
1.31088, 0.00000, 0.00000, 0.00000 
1.31143, 0.00000, 0.00000, 0.00000 
1.31475, 0.00000, 0.00000, 0.00000 
1.31723, 0.00000, 0.00000, 0.00000 
1.31852, 0.00000, 0.00000, 0.00000 
1.31976, 0.00000, 0.00000, 0.00000 
1.32098, 0.00000, 0.00000, 0.00000 
1.32210, 0.00000, 0.00000, 0.00000 
1.32339, 0.00000, 0.00000, 0.00000 
1.32464, 0.00000, 0.00000, 0.00000 
1.32569, 0.00000, 0.00000, 0.00000 
1.32787, 0.00000, 0.00000, 0.00000 
1.32897, 0.00000, 0.00000, 0.00000 
1.33014, 0.00000, 0.00000, 0.00000 
1.33134, 0.00000, 0.00000, 0.00000 
1.33250, 0.00000, 0.00000, 0.00000 
1.33500, 0.00000, 0.00000, 0.00000 
1.33632, 0.00000, 0.00000, 0.00000 
1.33767, 0.00000, 0.00000, 0.00000 
1.33829, 0.00000, 0.00000, 0.00000 
1.33963, 0.00000, 0.00000, 0.00000 
1.34217, 0.00000, 0.00000, 0.00000 
1.34429, 0.00000, 0.00000, 0.00000 
1.34564, 0.00000, 0.00000, 0.00000 
1.34652, 0.00000, 0.00000, 0.00000 
1.34927, 0.00000, 0.00000, 0.00000 
1.35072, 0.00000, 0.00000, 0.00000 
1.35187, 0.00000, 0.00000, 0.00000 
1.35298, 0.00000, 0.00000, 0.00000 
1.35439, 0.00000, 0.00000, 0.00000 
1.35642, 0.00000, 0.00000, 0.00000 
1.35822, 0.00000, 0.00000, 0.00000 
1.35948, 0.00000, 0.00000, 0.00000 
1.36070, 0.00000, 0.00000, 0.00000 
1.36139, 0.00000, 0.00000, 0.00000 
1.36211, 0.00000, 0.00000, 0.00000 
1.36325, 0.00000, 0.00000, 0.00000 
1.36456, 0.00000, 0.00000, 0.00000 
1.36559, 0.00000, 0.00000, 0.00000 
1.36666, 0.00000, 0.00000, 0.00000 
1.36820, 0.00000, 0.00000, 0.00000 
1.37061, 0.00000, 0.00000, 0.00000 
1.37184, 0.00000, 0.00000, 0.00000 
1.37312, 0.00000, 0.00000, 0.00000 
1.37394, 0.00000, 0.00000, 0.00000 
1.37539, 0.00000, 0.00000, 0.00000 
1.37653, 0.00000, 0.00000, 0.00000 
1.37766, 0.00000, 0.00000, 0.00000 
1.37849, 0.00000, 0.00000, 0.00000 
1.38018, 0.00000, 0.00000, 0.00000 
1.38131, 0.00000, 0.00000, 0.00000 
1.38208, 0.00000, 0.00000, 0.00000 
1.38303, 0.00000, 0.00000, 0.00000 
1.38373, 0.00000, 0.00000, 0.00000 
1.38601, 0.00000, 0.00000, 0.00000 
1.38778, 0.00000, 0.00000, 0.00000 
1.38919, 0.00000, 0.00000, 0.00000 
1.39031, 0.00000, 0.00000, 0.00000 
1.39174, 0.00000, 0.00000, 0.00000 
1.39355, 0.00000, 0.00000, 0.00000 
1.39483, 0.00000, 0.00000, 0.00000 
1.39685, 0.00000, 0.00000, 0.00000 
1.39791, 0.00000, 0.00000, 0.00000 
1.39981, 0.00000, 0.00000, 0.00000 
1.40088, 0.00000, 0.00000, 0.00000 
1.40220, 0.00000, 0.00000, 0.00000 
1.40336, 0.00000, 0.00000, 0.00000 
1.40605, 0.00000, 0.00000, 0.00000 
1.40686, 0.00000, 0.00000, 0.00000 
1.40911, 0.00000, 0.00000, 0.00000 
1.41125, 0.00000, 0.00000, 0.00000 
1.41264, 0.00000, 0.00000, 0.00000 
1.41369, 0.00000, 0.00000, 0.00000 
1.41473, 0.00000, 0.00000, 0.00000 
1.41577, 0.00000, 0.00000, 0.00000 
1.41668, 0.00000, 0.00000, 0.00000 
1.41787, 0.00000, 0.00000, 0.00000 
1.41862, 0.00000, 0.00000, 0.00000 
1.42003, 0.00000, 0.00000, 0.00000 
1.42168, 0.00000, 0.00000, 0.00000 
1.42339, 0.00000, 0.00000, 0.00000 
1.42458, 0.00000, 0.00000, 0.00000 
1.42596, 0.00000, 0.00000, 0.00000 
1.42711, 0.00000, 0.00000, 0.00000 
1.42826, 0.00000, 0.00000, 0.00000 
1.42958, 0.00000, 0.00000, 0.00000 
1.43089, 0.00000, 0.00000, 0.00000 
1.43235, 0.00000, 0.00000, 0.00000 
1.43964, 0.00000, 0.00000, 0.00000 
1.44476, 0.00000, 0.00000, 0.00000 
1.44684, 0.00000, 0.00000, 0.00000 
1.44794, 0.00000, 0.00000, 0.00000 
1.44942, 0.00000, 0.00000, 0.00000 
1.45143, 0.00000, 0.00000, 0.00000 
1.45288, 0.00000, 0.00000, 0.00000 
1.45403, 0.00000, 0.00000, 0.00000 
1.45555, 0.00000, 0.00000, 0.00000 
1.45729, 0.00000, 0.00000, 0.00000 
1.45906, 0.00000, 0.00000, 0.00000 
1.46014, 0.00000, 0.00000, 0.00000 
1.46160, 0.00000, 0.00000, 0.00000 
1.46244, 0.00000, 0.00000, 0.00000 
1.46370, 0.00000, 0.00000, 0.00000 
1.46446, 0.00000, 0.00000, 0.00000 
1.46586, 0.00000, 0.00000, 0.00000 
1.46746, 0.00000, 0.00000, 0.00000 
1.46835, 0.00000, 0.00000, 0.00000 
1.47009, 0.00000, 0.00000, 0.00000 
1.47121, 0.00000, 0.00000, 0.00000 
1.47197, 0.00000, 0.00000, 0.00000 
1.47309, 0.00000, 0.00000, 0.00000 
1.47399, 0.00000, 0.00000, 0.00000 
1.47495, 0.00000, 0.00000, 0.00000 
1.47612, 0.00000, 0.00000, 0.00000 
1.47703, 0.00000, 0.00000, 0.00000 
1.47843, 0.00000, 0.00000, 0.00000 
1.47969, 0.00000, 0.00000, 0.00000 
1.48164, 0.00000, 0.00000, 0.00000 
1.48279, 0.00000, 0.00000, 0.00000 
1.48368, 0.00000, 0.00000, 0.00000 
1.48461, 0.00000, 0.00000, 0.00000 
1.48592, 0.00000, 0.00000, 0.00000 
1.48740, 0.00000, 0.00000, 0.00000 
1.48903, 0.00000, 0.00000, 0.00000 
1.49109, 0.00000, 0.00000, 0.00000 
1.49214, 0.00000, 0.00000, 0.00000 
1.49323, 0.00000, 0.00000, 0.00000 
1.49400, 0.00000, 0.00000, 0.00000 
1.49519, 0.00000, 0.00000, 0.00000 
1.49788, 0.00000, 0.00000, 0.00000 
1.50041, 0.00000, 0.00000, 0.00000 
1.50117, 0.00000, 0.00000, 0.00000 
1.50230, 0.00000, 0.00000, 0.00000 
1.50333, 0.00000, 0.00000, 0.00000 
1.50557, 0.00000, 0.00000, 0.00000 
1.50707, 0.00000, 0.00000, 0.00000 
1.50847, 0.00000, 0.00000, 0.00000 
1.50995, 0.00000, 0.00000, 0.00000 
1.51109, 0.00000, 0.00000, 0.00000 
1.51241, 0.00000, 0.00000, 0.00000 
1.51325, 0.00000, 0.00000, 0.00000 
1.51466, 0.00000, 0.00000, 0.00000 
1.51599, 0.00000, 0.00000, 0.00000 
1.51724, 0.00000, 0.00000, 0.00000 
1.51911, 0.00000, 0.00000, 0.00000 
1.52024, 0.00000, 0.00000, 0.00000 
1.52136, 0.00000, 0.00000, 0.00000 
1.52314, 0.00000, 0.00000, 0.00000 
1.52545, 0.00000, 0.00000, 0.00000 
1.52706, 0.00000, 0.00000, 0.00000 
1.52856, 0.00000, 0.00000, 0.00000 
1.53088, 0.00000, 0.00000, 0.00000 
1.53222, 0.00000, 0.00000, 0.00000 
1.53408, 0.00000, 0.00000, 0.00000 
1.53485, 0.00000, 0.00000, 0.00000 
1.53566, 0.00000, 0.00000, 0.00000 
1.53708, 0.00000, 0.00000, 0.00000 
1.53868, 0.00000, 0.00000, 0.00000 
1.53984, 0.00000, 0.00000, 0.00000 
1.54102, 0.00000, 0.00000, 0.00000 
1.54227, 0.00000, 0.00000, 0.00000 
1.54318, 0.00000, 0.00000, 0.00000 
1.54501, 0.00000, 0.00000, 0.00000 
1.54632, 0.00000, 0.00000, 0.00000 
1.54755, 0.00000, 0.00000, 0.00000 
1.54879, 0.00000, 0.00000, 0.00000 
1.54964, 0.00000, 0.00000, 0.00000 
1.55274, 0.00000, 0.00000, 0.00000 
1.55468, 0.00000, 0.00000, 0.00000 
1.55547, 0.00000, 0.00000, 0.00000 
1.55621, 0.00000, 0.00000, 0.00000 
1.55747, 0.00000, 0.00000, 0.00000 
1.55878, 0.00000, 0.00000, 0.00000 
1.55989, 0.00000, 0.00000, 0.00000 
1.56103, 0.00000, 0.00000, 0.00000 
1.56210, 0.00000, 0.00000, 0.00000 
1.56287, 0.00000, 0.00000, 0.00000 
1.56369, 0.00000, 0.00000, 0.00000 
1.56489, 0.00000, 0.00000, 0.00000 
1.56594, 0.00000, 0.00000, 0.00000 
1.56668, 0.00000, 0.00000, 0.00000 
1.56727, 0.00000, 0.00000, 0.00000 
1.56837, 0.00000, 0.00000, 0.00000 
1.56919, 0.00000, 0.00000, 0.00000 
1.57052, 0.00000, 0.00000, 0.00000 
1.57203, 0.00000, 0.00000, 0.00000 
1.57314, 0.00000, 0.00000, 0.00000 
1.57531, 0.00000, 0.00000, 0.00000 
1.57636, 0.00000, 0.00000, 0.00000 
1.57788, 0.00000, 0.00000, 0.00000 
1.57922, 0.00000, 0.00000, 0.00000 
1.58087, 0.00000, 0.00000, 0.00000 
1.58232, 0.00000, 0.00000, 0.00000 
1.58318, 0.00000, 0.00000, 0.00000 
1.58446, 0.00000, 0.00000, 0.00000 
1.58556, 0.00000, 0.00000, 0.00000 
1.58636, 0.00000, 0.00000, 0.00000 
1.58776, 0.00000, 0.00000, 0.00000 
1.59027, 0.00000, 0.00000, 0.00000 
1.59162, 0.00000, 0.00000, 0.00000 
1.59290, 0.00000, 0.00000, 0.00000 
1.59359, 0.00000, 0.00000, 0.00000 
1.59431, 0.00000, 0.00000, 0.00000 
1.59517, 0.00000, 0.00000, 0.00000 
1.59647, 0.00000, 0.00000, 0.00000 
1.59770, 0.00000, 0.00000, 0.00000 
1.59908, 0.00000, 0.00000, 0.00000 
1.60022, 0.00000, 0.00000, 0.00000 
1.60209, 0.00000, 0.00000, 0.00000 
1.60275, 0.00000, 0.00000, 0.00000 
1.60358, 0.00000, 0.00000, 0.00000 
1.60505, 0.00000, 0.00000, 0.00000 
1.60652, 0.00000, 0.00000, 0.00000 
1.60810, 0.00000, 0.00000, 0.00000 
1.60955, 0.00000, 0.00000, 0.00000 
1.61118, 0.00000, 0.00000, 0.00000 
1.61286, 0.00000, 0.00000, 0.00000 
1.61358, 0.00000, 0.00000, 0.00000 
1.61451, 0.00000, 0.00000, 0.00000 
1.61552, 0.00000, 0.00000, 0.00000 
1.61811, 0.00000, 0.00000, 0.00000 
1.61923, 0.00000, 0.00000, 0.00000 
1.62039, 0.00000, 0.00000, 0.00000 
1.62146, 0.00000, 0.00000, 0.00000 
1.62255, 0.00000, 0.00000, 0.00000 
1.62401, 0.00000, 0.00000, 0.00000 
1.62505, 0.00000, 0.00000, 0.00000 
1.62682, 0.00000, 0.00000, 0.00000 
1.62818, 0.00000, 0.00000, 0.00000 
1.62960, 0.00000, 0.00000, 0.00000 
1.63167, 0.00000, 0.00000, 0.00000 
1.63328, 0.00000, 0.00000, 0.00000 
1.63456, 0.00000, 0.00000, 0.00000 
1.63569, 0.00000, 0.00000, 0.00000 
1.63788, 0.00000, 0.00000, 0.00000 
1.63918, 0.00000, 0.00000, 0.00000 
1.64087, 0.00000, 0.00000, 0.00000 
1.64221, 0.00000, 0.00000, 0.00000 
1.64329, 0.00000, 0.00000, 0.00000 
1.64440, 0.00000, 0.00000, 0.00000 
1.64556, 0.00000, 0.00000, 0.00000 
1.64637, 0.00000, 0.00000, 0.00000 
1.64839, 0.00000, 0.00000, 0.00000 
1.64971, 0.00000, 0.00000, 0.00000 
1.65195, 0.00000, 0.00000, 0.00000 
1.65310, 0.00000, 0.00000, 0.00000 
1.65491, 0.00000, 0.00000, 0.00000 
1.65567, 0.00000, 0.00000, 0.00000 
1.65762, 0.00000, 0.00000, 0.00000 
1.65879, 0.00000, 0.00000, 0.00000 
1.66056, 0.00000, 0.00000, 0.00000 
1.66159, 0.00000, 0.00000, 0.00000 
1.66331, 0.00000, 0.00000, 0.00000 
1.66444, 0.00000, 0.00000, 0.00000 
1.66606, 0.00000, 0.00000, 0.00000 
1.66768, 0.00000, 0.00000, 0.00000 
1.66876, 0.00000, 0.00000, 0.00000 
1.67065, 0.00000, 0.00000, 0.00000 
1.67189, 0.00000, 0.00000, 0.00000 
1.67349, 0.00000, 0.00000, 0.00000 
1.67511, 0.00000, 0.00000, 0.00000 
1.67644, 0.00000, 0.00000, 0.00000 
1.67780, 0.00000, 0.00000, 0.00000 
1.67898, 0.00000, 0.00000, 0.00000 
1.68009, 0.00000, 0.00000, 0.00000 
1.68123, 0.00000, 0.00000, 0.00000 
1.68251, 0.00000, 0.00000, 0.00000 
1.68353, 0.00000, 0.00000, 0.00000 
1.68567, 0.00000, 0.00000, 0.00000 
1.68742, 0.00000, 0.00000, 0.00000 
1.68864, 0.00000, 0.00000, 0.00000 
1.68938, 0.00000, 0.00000, 0.00000 
1.69054, 0.00000, 0.00000, 0.00000 
1.69189, 0.00000, 0.00000, 0.00000 
1.69345, 0.00000, 0.00000, 0.00000 
1.69494, 0.00000, 0.00000, 0.00000 
1.69624, 0.00000, 0.00000, 0.00000 
1.69784, 0.00000, 0.00000, 0.00000 
1.69901, 0.00000, 0.00000, 0.00000 
1.69991, 0.00000, 0.00000, 0.00000 
1.70155, 0.00000, 0.00000, 0.00000 
1.70396, 0.00000, 0.00000, 0.00000 
1.70511, 0.00000, 0.00000, 0.00000 
1.70588, 0.00000, 0.00000, 0.00000 
1.70686, 0.00000, 0.00000, 0.00000 
1.70816, 0.00000, 0.00000, 0.00000 
1.70873, 0.00000, 0.00000, 0.00000 
1.71117, 0.00000, 0.00000, 0.00000 
1.71200, 0.00000, 0.00000, 0.00000 
1.71350, 0.00000, 0.00000, 0.00000 
1.71427, 0.00000, 0.00000, 0.00000 
1.71539, 0.00000, 0.00000, 0.00000 
1.71791, 0.00000, 0.00000, 0.00000 
1.71930, 0.00000, 0.00000, 0.00000 
1.72127, 0.00000, 0.00000, 0.00000 
1.72237, 0.00000, 0.00000, 0.00000 
1.72327, 0.00000, 0.00000, 0.00000 
1.72398, 0.00000, 0.00000, 0.00000 
1.72538, 0.00000, 0.00000, 0.00000 
1.72646, 0.00000, 0.00000, 0.00000 
1.72756, 0.00000, 0.00000, 0.00000 
1.72880, 0.00000, 0.00000, 0.00000 
1.73154, 0.00000, 0.00000, 0.00000 
1.73318, 0.00000, 0.00000, 0.00000 
1.73393, 0.00000, 0.00000, 0.00000 
1.73515, 0.00000, 0.00000, 0.00000 
1.73626, 0.00000, 0.00000, 0.00000 
1.73748, 0.00000, 0.00000, 0.00000 
1.73823, 0.00000, 0.00000, 0.00000 
1.74008, 0.00000, 0.00000, 0.00000 
1.74181, 0.00000, 0.00000, 0.00000 
1.74357, 0.00000, 0.00000, 0.00000 
1.74476, 0.00000, 0.00000, 0.00000 
1.74605, 0.00000, 0.00000, 0.00000 
1.74779, 0.00000, 0.00000, 0.00000 
1.74845, 0.00000, 0.00000, 0.00000 
1.75060, 0.00000, 0.00000, 0.00000 
1.75175, 0.00000, 0.00000, 0.00000 
1.75297, 0.00000, 0.00000, 0.00000 
1.75375, 0.00000, 0.00000, 0.00000 
1.75515, 0.00000, 0.00000, 0.00000 
1.75600, 0.00000, 0.00000, 0.00000 
1.75906, 0.00000, 0.00000, 0.00000 
1.75980, 0.00000, 0.00000, 0.00000 
1.76070, 0.00000, 0.00000, 0.00000 
1.76166, 0.00000, 0.00000, 0.00000 
1.76301, 0.00000, 0.00000, 0.00000 
1.76376, 0.00000, 0.00000, 0.00000 
1.76473, 0.00000, 0.00000, 0.00000 
1.76614, 0.00000, 0.00000, 0.00000 
1.76755, 0.00000, 0.00000, 0.00000 
1.76842, 0.00000, 0.00000, 0.00000 
1.76950, 0.00000, 0.00000, 0.00000 
1.77067, 0.00000, 0.00000, 0.00000 
1.77178, 0.00000, 0.00000, 0.00000 
1.77295, 0.00000, 0.00000, 0.00000 
1.77447, 0.00000, 0.00000, 0.00000 
1.77577, 0.00000, 0.00000, 0.00000 
1.77691, 0.00000, 0.00000, 0.00000 
1.77763, 0.00000, 0.00000, 0.00000 
1.77934, 0.00000, 0.00000, 0.00000 
1.78045, 0.00000, 0.00000, 0.00000 
1.78175, 0.00000, 0.00000, 0.00000 
1.78281, 0.00000, 0.00000, 0.00000 
1.78645, 0.00000, 0.00000, 0.00000 
