0.00106,-206,51,1292
0.00258,-213,63,1304
0.00373,-218,55,1286
0.00489,-202,52,1283
0.00602,-219,54,1301
0.00753,-212,62,1299
0.00875,-210,60,1296
0.00993,-196,55,1287
0.01112,-217,60,1298
0.0123,-217,53,1289
0.01349,-215,49,1297
0.01468,-210,50,1281
0.01587,-208,52,1303
0.01704,-219,58,1290
0.02641,-220,49,1301
0.02937,-214,59,1291
0.0309,-216,59,1298
0.03209,-212,53,1292
0.03324,-213,57,1294
0.03438,-213,55,1300
0.03552,-223,46,1284
0.03705,-216,51,1285
0.03827,-211,64,1292
0.03965,-208,55,1288
0.04107,-214,60,1297
0.04229,-210,52,1297
0.04349,-219,54,1302
0.04468,-213,61,1293
0.04587,-217,56,1298
0.04704,-219,52,1295
0.04819,-211,53,1292
0.04933,-203,49,1294
0.05691,-205,49,1283
0.06081,-208,47,1293
0.06769,-210,54,1293
0.06891,-212,55,1296
0.07007,-215,44,1297
0.0712,-212,56,1303
0.07234,-205,57,1294
0.07347,-214,60,1302
0.0746,-204,45,1288
0.07573,-205,57,1292
0.07725,-226,58,1305
0.07847,-202,55,1292
0.07967,-215,53,1284
0.08086,-213,46,1283
0.08206,-211,49,1293
0.08327,-222,49,1297
0.08446,-218,55,1283
0.08565,-221,49,1286
0.09375,-220,60,1286
0.09692,-213,52,1282
0.09989,-213,50,1290
0.10297,-215,46,1280
0.10504,-206,54,1295
0.10627,-209,60,1292
0.10747,-204,56,1294
0.10865,-211,54,1290
0.10984,-205,44,1290
0.11102,-208,57,1296
0.1122,-203,52,1290
0.11339,-215,55,1285
0.11467,-224,61,1295
0.11589,-209,58,1287
0.11707,-216,48,1032
0.11826,-209,54,1285
0.11945,-203,55,1282
0.12063,-205,63,1284
0.12181,-193,66,1288
0.12297,-214,47,1290
0.12415,-221,53,1288
0.13256,-207,52,1306
0.136,-204,64,1292
0.14066,-214,55,1298
0.14281,-213,39,1297
0.14405,-201,42,1294
0.14525,-219,54,1288
0.1465,-216,62,1290
0.14766,-209,58,1294
0.1488,-206,45,1300
0.14994,-219,57,1306
0.15107,-217,58,1297
0.15238,-210,47,1290
0.15356,-205,55,1295
0.1547,-219,45,1281
0.15583,-216,50,1298
0.15708,-212,54,1294
0.15829,-208,59,1301
0.15947,-212,59,1289
0.16066,-214,54,1284
0.16184,-224,59,1290
0.17012,-212,59,1297
0.17316,-212,55,1291
0.17603,-204,57,1303
0.17799,-201,58,1291
0.17921,-215,71,1298
0.18041,-205,58,1306
0.18161,-207,57,1288
0.1828,-216,49,1290
0.184,-200,47,1298
0.1852,-207,55,1305
0.18641,-222,56,1296
0.18768,-200,46,1295
0.18889,-206,50,1292
0.19007,-209,51,1292
0.19126,-203,67,1285
0.19246,-210,56,1305
0.19365,-208,57,1298
0.19485,-210,61,1304
0.19604,-217,63,1286
0.20404,-214,61,1290
0.20741,-211,54,1295
0.21024,-224,50,1287
0.21154,-213,58,1299
0.21275,-208,50,1297
0.21394,-210,48,1298
0.21513,-231,45,1305
0.21634,-202,58,1298
0.21754,-212,53,1303
0.21872,-212,54,1300
0.21989,-214,52,1299
0.22126,-213,60,1296
0.22246,-217,64,1292
0.22366,-220,63,1287
0.22485,-207,60,1288
0.22604,-219,48,1288
0.22729,-209,56,1286
0.22847,-211,63,1281
0.22966,-215,58,1293
0.23758,-212,61,1301
0.24119,-206,51,1296
0.24378,-199,61,1285
0.24575,-222,56,1299
0.24705,-205,61,1283
0.24825,-216,50,1282
0.24943,-219,54,1292
0.25061,-204,45,1289
0.25179,-205,49,1298
0.25298,-210,60,1297
0.25416,-217,55,1294
0.25552,-214,56,1295
0.25672,-208,55,1291
0.25791,-211,49,1303
0.25909,-198,45,1292
0.26028,-200,51,1289
0.26146,-222,59,1287
0.26264,-202,50,1297
0.26382,-220,64,1294
0.27107,-221,60,1296
0.27507,-218,49,1285
0.27787,-210,44,1290
0.28034,-209,56,1292
0.28159,-207,58,1290
0.28279,-217,60,1293
0.28399,-216,53,1290
0.28519,-204,52,1291
0.28641,-227,55,1291
0.28759,-201,57,1285
0.28876,-204,59,1300
0.29009,-209,45,1302
0.29133,-210,60,1298
0.29252,-211,54,1296
0.29372,-203,56,1298
0.29491,-209,52,1297
0.2961,-205,44,1287
0.29732,-210,66,1293
0.29845,-210,55,1300
0.29959,-207,60,1291
0.30818,-211,54,1283
0.31135,-217,58,1297
0.31348,-214,44,1288
0.31474,-209,47,1295
0.31594,-216,47,1297
0.3172,-204,55,1295
0.3184,-209,54,1291
0.31959,-209,44,1296
0.32078,-211,62,1294
0.32196,-199,49,1300
0.32326,-211,60,1295
0.32447,-208,61,1303
0.32566,-215,63,1291
0.32688,-216,52,1287
0.32807,-213,62,1299
0.32925,-205,56,1294
0.33043,-217,54,1289
0.33161,-206,58,1299
0.3328,-206,51,1293
0.34221,-211,65,1298
0.34518,-214,66,1281
0.34775,-204,64,1292
0.34901,-217,54,1282
0.35023,-205,59,1291
0.35142,-213,53,1311
0.35261,-212,60,1298
0.35381,-204,60,1292
0.35501,-208,55,1283
0.35642,-213,46,1287
0.35783,-207,59,1294
0.35905,-217,41,1283
0.36025,-221,50,1301
0.36145,-209,57,1300
0.36264,-209,63,1303
0.36384,-206,57,1289
0.36503,-203,51,1292
0.36625,-219,59,1298
0.37399,-215,49,1297
0.37738,-210,55,1288
0.3798,-207,53,1299
0.38106,-212,67,1301
0.38226,-221,56,1287
0.38346,-210,54,1294
0.38465,-206,49,1302
0.38584,-208,46,1290
0.38705,-228,50,1288
0.38823,-217,52,1285
0.38939,-212,56,1303
0.39066,-214,39,1287
0.39189,-216,49,1290
0.3931,-212,50,1295
0.39429,-218,47,1289
0.39548,-204,46,1293
0.3967,-203,55,1286
0.39787,-212,57,1290
0.39907,-221,65,1296
0.40717,-219,45,1285
0.41053,-209,59,1286
0.41342,-205,38,1298
0.41508,-211,56,1294
0.41635,-210,62,1295
0.41754,-210,52,1292
0.41872,-216,60,1289
0.4199,-205,52,1282
0.42107,-224,59,1281
0.42226,-210,59,1286
0.42343,-213,54,1294
0.42472,-213,48,1291
0.42593,-209,44,1294
0.42719,-204,55,1300
0.42839,-225,54,1292
0.42958,-214,54,1291
0.43076,-214,57,1295
0.43194,-208,52,1287
0.43314,-214,46,1307
0.43432,-214,62,1283
0.44376,-209,62,1294
0.44659,-199,52,1287
0.44817,-216,50,1298
0.44941,-210,60,1292
0.45061,-213,56,1293
0.45181,-210,54,1293
0.45301,-217,56,1288
0.45421,-200,51,1287
0.45541,-210,49,1302
0.45658,-205,48,1297
0.45795,-211,51,1295
0.45917,-211,47,1296
0.46036,-215,52,1281
0.46155,-214,57,1291
0.46274,-206,58,1287
0.46394,-202,57,1295
0.46513,-216,63,1281
0.46635,-216,52,1292
0.47363,-204,52,1288
0.47754,-209,49,1291
0.48005,-212,46,1294
0.4829,-211,56,1293
0.4856,-203,58,1291
0.48825,-202,56,1292
0.49074,-213,51,1297
0.49341,-215,56,1297
0.49619,-214,54,1293
0.49859,-217,54,1291
0.50028,-212,62,1295
0.50153,-204,42,1288
0.50273,-217,45,1292
0.50394,-223,52,1294
0.50514,-219,55,1293
0.50634,-202,50,1301
0.50752,-219,47,1289
0.5087,-205,54,1281
0.51006,-201,54,1292
0.51128,-210,58,1291
0.51247,-210,52,1287
0.51367,-205,58,1296
0.51486,-204,58,1282
0.51607,-211,57,1285
0.51732,-212,61,1296
0.5185,-208,54,1292
0.52606,-205,51,1293
0.5297,-203,48,1289
0.53252,-212,58,1288
0.53381,-207,58,1297
0.53501,-221,59,1286
0.53623,-215,59,1282
0.53741,-214,51,1296
0.53859,-212,57,1299
0.53977,-211,56,1313
0.54094,-224,58,1297
0.54212,-199,57,1303
0.5434,-207,53,1290
0.54462,-193,60,1287
0.54583,-193,56,1293
0.547,-217,52,1295
0.54814,-214,52,1289
0.54927,-200,55,1299
0.5504,-202,46,1300
0.55155,-210,49,1295
0.55939,-217,58,1284
0.56379,-209,45,1295
0.56597,-218,62,1293
0.56812,-215,59,1298
0.56937,-209,49,1280
0.57056,-217,57,1296
0.57175,-210,55,1292
0.57292,-205,57,1292
0.5741,-208,49,1298
0.57529,-219,48,1297
0.57651,-211,61,1298
0.57783,-216,62,1302
0.57905,-213,47,1295
0.58024,-206,59,1292
0.58143,-215,56,1310
0.58263,-212,55,1296
0.58382,-211,52,1304
0.58501,-202,58,1300
0.58621,-207,49,1278
0.59373,-208,55,1291
0.59736,-208,61,1297
0.6004,-218,52,1292
0.60304,-202,51,1297
0.6043,-209,49,1289
0.6055,-213,62,1292
0.6067,-216,51,1290
0.60788,-213,42,1298
0.60906,-209,46,1291
0.61024,-216,52,1296
0.61142,-215,43,1288
0.61261,-208,58,1287
0.61401,-224,63,1296
0.61521,-219,57,1289
0.6164,-218,55,1288
0.61758,-206,53,1293
0.61876,-207,52,1283
0.61995,-210,57,1293
0.62113,-219,66,1300
0.6223,-215,47,1288
0.63127,-211,43,1300
0.63426,-222,63,1293
0.63637,-205,65,1280
0.63761,-211,57,1290
0.63878,-208,74,1291
0.63994,-202,48,1294
0.64112,-216,51,1287
0.6423,-217,60,1301
0.64349,-206,49,1299
0.64467,-213,67,1308
0.64603,-216,55,1299
0.6473,-210,55,1285
0.64848,-215,58,1284
0.64966,-200,56,1292
0.65084,-211,54,1302
0.65202,-207,58,1310
0.65321,-213,63,1305
0.65439,-208,68,1288
0.65557,-208,47,1284
0.66501,-211,62,1292
0.66763,-209,49,1285
0.67073,-210,51,1282
0.67199,-200,61,1287
0.6732,-218,61,1289
0.67439,-220,40,1302
0.67558,-213,50,1280
0.67683,-220,51,1290
0.67801,-214,49,1301
0.67919,-219,41,1288
0.68037,-225,41,1304
0.68175,-217,59,1290
0.68297,-217,50,1291
0.68416,-204,55,1286
0.68536,-220,48,1283
0.68657,-209,55,1297
0.68775,-214,49,1299
0.68892,-214,63,1287
0.6901,-224,51,1301
0.69811,-212,59,1301
0.70126,-215,47,1294
0.70416,-204,54,1295
0.70542,-201,53,1288
0.70663,-219,64,1297
0.70783,-209,53,1290
0.70901,-213,60,1286
0.71019,-218,57,1291
0.71137,-203,56,1303
0.71276,-199,66,1294
0.71413,-207,55,1293
0.71536,-202,61,1301
0.71657,-215,61,1302
0.71777,-211,60,1300
0.71894,-217,63,1289
0.72012,-218,51,1294
0.7213,-214,70,1309
0.72248,-209,60,1282
0.72365,-208,52,1294
0.73247,-216,48,1286
0.73565,-220,58,1286
0.73819,-210,57,1296
0.73994,-217,57,1298
0.74119,-214,55,1287
0.74238,-213,49,1287
0.74358,-208,43,1299
0.74477,-206,49,1297
0.74597,-210,53,1304
0.74723,-215,51,1301
0.74841,-216,48,1294
0.74973,-213,55,1293
0.75093,-214,61,1285
0.75213,-213,38,1296
0.75333,-204,57,1294
0.75452,-206,52,1294
0.75571,-212,59,1299
0.7569,-222,63,1295
0.75808,-221,46,1291
0.76547,-207,59,1293
0.76898,-215,49,1293
0.77197,-213,63,1289
0.77413,-215,46,1288
0.77538,-210,50,1286
0.77658,-210,48,1290
0.77777,-211,49,1294
0.77895,-209,67,1294
0.78013,-208,56,1286
0.78131,-201,52,1291
0.7825,-202,41,1288
0.78377,-211,61,1288
0.78499,-220,54,1296
0.7862,-209,50,1291
0.78738,-210,47,1281
0.78856,-220,48,1288
0.78974,-207,48,1282
0.79092,-214,56,1280
0.7921,-217,47,1315
0.79328,-216,53,1299
0.80227,-219,45,1291
0.80526,-221,53,1300
0.80719,-210,43,1291
0.80844,-206,68,1304
0.80963,-211,63,1283
0.81084,-204,52,1297
0.81203,-217,64,1297
0.81324,-215,54,1292
0.81443,-213,52,1289
0.81561,-216,53,1292
0.81699,-213,58,1289
0.81822,-213,48,1292
0.81941,-216,52,1292
0.8206,-208,56,1291
0.82179,-203,50,1290
0.82296,-199,44,1289
0.82417,-204,54,1285
0.82536,-211,60,1285
0.83286,-197,63,1304
0.83626,-206,54,1285
0.83905,-200,59,1299
0.84198,-218,55,1288
0.84323,-207,60,1290
0.84443,-212,62,1031
0.84563,-209,68,1297
0.84688,-222,50,1299
0.84808,-211,60,1291
0.84926,-216,57,1289
0.85044,-222,52,1298
0.85176,-215,61,1288
0.85299,-218,62,1299
0.85418,-205,55,1291
0.8554,-220,50,1304
0.85659,-218,52,1293
0.85777,-208,55,1296
0.85895,-208,57,1288
0.86013,-225,46,1285
0.86132,-214,68,1298
0.87003,-211,56,1276
0.87336,-224,54,1291
0.87543,-212,53,1298
0.87668,-216,52,1295
0.87788,-216,48,1293
0.87906,-211,55,1293
0.88023,-200,51,1288
0.88141,-219,54,1293
0.88259,-220,57,1294
0.88378,-219,53,1304
0.88504,-201,55,1294
0.88626,-195,54,1291
0.88746,-200,54,1296
0.88863,-212,48,1293
0.8898,-202,62,1294
0.89099,-204,66,1286
0.89217,-209,60,1289
0.89335,-203,62,1291
0.89452,-206,58,1302
0.90316,-213,48,1291
0.90598,-211,50,1288
0.90935,-218,59,1290
0.91063,-213,56,1286
0.91183,-217,48,1302
0.91302,-230,46,1295
0.91423,-211,56,1291
0.91542,-218,68,1285
0.91667,-204,70,1299
0.91786,-210,49,1297
0.91904,-212,55,1292
0.92038,-211,58,1284
0.92159,-213,60,1299
0.92277,-208,62,1282
0.92395,-218,58,1293
0.92514,-210,62,1294
0.92635,-217,63,1291
0.92754,-219,59,1303
0.92872,-215,58,1295
0.93694,-207,56,1290
0.93977,-214,50,1306
0.94248,-224,48,1305
0.94374,-223,49,1292
0.94493,-220,54,1294
0.94618,-204,60,1291
0.94737,-215,53,1295
0.94855,-218,59,1293
0.94975,-215,55,1303
0.95092,-218,51,1299
0.9521,-219,60,1296
0.95347,-223,55,1294
0.95468,-209,55,1288
0.95588,-211,67,1292
0.95708,-209,50,1292
0.95826,-211,51,1291
0.95943,-208,56,1301
0.96061,-219,58,1289
0.96179,-204,56,1305
0.96988,-205,53,1300
0.97321,-197,69,1289
0.97573,-216,61,1301
0.97803,-201,50,1287
0.97928,-212,46,1287
0.98048,-211,44,1296
0.98168,-207,67,1286
0.98288,-211,57,1297
0.98408,-215,54,1295
0.98527,-210,50,1285
0.98653,-223,48,1290
0.98783,-213,62,1294
0.98905,-215,48,1290
0.99023,-211,52,1297
0.99143,-202,50,1300
0.99264,-221,50,1279
0.99384,-206,42,1285
0.99503,-219,54,1287
0.99624,-209,55,1298
0.99741,-213,58,1288
1.00024,-220,59,1281
1.00148,-210,55,1282
1.00267,-215,61,1292
1.00387,-215,56,1292
1.00507,-216,55,1294
1.00625,-215,54,1295
1.00744,-209,59,1299
1.00861,-203,61,1305
1.00986,-210,55,1287
1.01107,-205,60,1277
1.01226,-209,61,1302
1.01346,-204,53,1293
1.01464,-205,55,1286
1.01583,-208,46,1295
1.01702,-212,54,1306
1.01819,-215,52,1298
1.01937,-197,67,1293
1.02231,-222,54,1295
1.02353,-206,52,1293
1.02471,-210,62,1285
1.02589,-213,51,1292
1.02709,-206,57,1292
1.02828,-217,64,1291
1.02946,-209,56,1286
1.03063,-195,54,1283
1.03191,-198,56,1298
1.03312,-212,57,1292
1.03431,-221,46,1295
1.03549,-212,62,1300
1.03668,-228,48,1297
1.03786,-213,61,1289
1.03922,-214,53,1292
1.04041,-206,57,1317
1.04334,-203,54,1291
1.04459,-212,47,1290
1.04577,-222,56,1296
1.04699,-209,53,1290
1.04814,-213,47,1301
1.04928,-219,53,1292
1.05041,-209,53,1294
1.05152,-214,63,1285
1.05266,-209,59,1281
1.05396,-213,62,1297
1.05512,-213,57,1296
1.05624,-218,61,1297
1.05744,-223,57,1300
1.05861,-217,52,1289
1.05979,-212,54,1284
1.06097,-210,50,1283
1.06215,-212,49,1301
1.065,-210,49,1292
1.06632,-213,60,1289
1.06748,-211,48,1293
1.06861,-216,55,1296
1.06975,-209,52,1301
1.07088,-214,64,1301
1.07201,-211,64,1291
1.07314,-210,57,1301
1.07427,-212,50,1285
1.0755,-208,52,1296
1.07685,-200,64,1296
1.07806,-211,63,1289
1.07923,-213,55,1292
1.08041,-215,48,1298
1.08159,-212,62,1286
1.08277,-204,66,1305
1.08395,-198,57,1296
1.08512,-208,50,1292
1.08818,-214,61,1301
1.08938,-200,64,1281
1.09057,-206,62,1289
1.09175,-210,53,1288
1.09294,-206,55,1295
1.09413,-199,47,1285
1.09532,-215,54,1287
1.09653,-219,61,1298
1.09783,-214,46,1283
1.09904,-210,51,1277
1.10022,-211,57,1287
1.10142,-213,57,1288
1.10261,-216,52,1298
1.1038,-218,54,1299
1.10499,-205,57,1286
1.10618,-214,58,1306
1.10906,-214,46,1300
1.11031,-207,56,1290
1.1115,-212,49,1290
1.11269,-225,52,1288
1.11387,-220,64,1292
1.11505,-216,59,1296
1.11625,-205,53,1294
1.11743,-215,46,1295
1.11861,-205,61,1293
1.11989,-204,44,1285
1.12109,-213,56,1286
1.12227,-215,51,1295
1.12346,-231,61,1532
1.12464,-222,56,1277
1.12583,-211,68,1292
1.12701,-218,55,1296
1.1282,-197,54,1294
1.13152,-203,63,1282
1.13278,-215,44,1287
1.13397,-217,44,1286
1.13516,-211,52,1288
1.13637,-214,48,1296
1.13755,-208,46,1286
1.13873,-211,55,1288
1.13989,-220,53,1291
1.14106,-221,51,1295
1.14244,-208,45,1284
1.14364,-206,53,1293
1.14483,-206,59,1300
1.14602,-211,59,1296
1.14726,-208,55,1289
1.14844,-197,54,1293
1.14962,-199,54,1293
1.1508,-213,53,1287
1.15317,-213,47,1297
1.15442,-223,58,1291
1.1556,-207,54,1291
1.15684,-192,57,1291
1.15802,-202,62,1294
1.15919,-214,42,1298
1.16037,-213,46,1287
1.16155,-207,51,1294
1.16291,-212,64,1285
1.16413,-211,56,1296
1.16531,-208,60,1292
1.1665,-214,61,1289
1.16768,-210,53,1293
1.16886,-216,62,1282
1.17003,-207,51,1294
1.17121,-203,61,1288
1.17239,-208,63,1286
1.17465,-212,56,1292
1.17588,-212,56,1289
1.17707,-214,47,1300
1.17826,-220,62,1297
1.17944,-220,63,1300
1.18061,-205,64,1304
1.18179,-216,66,1291
1.18297,-208,67,1293
1.18429,-227,58,1299
1.1855,-218,53,1295
1.1867,-211,49,1289
1.18788,-201,51,1284
1.18907,-209,60,1304
1.19024,-218,50,1294
1.19142,-209,52,1293
1.1926,-217,54,1302
1.19377,-207,65,1293
1.19618,-214,61,1286
1.19742,-208,51,1292
1.19861,-216,62,1298
1.19978,-216,52,1296
1.20095,-218,67,1288
1.20213,-209,51,1287
1.20332,-210,48,1291
1.2045,-212,65,1292
1.20575,-206,67,1284
1.207,-225,54,1289
1.20817,-207,49,1296
1.20936,-212,42,1301
1.21053,-212,42,1288
1.2117,-207,51,1277
1.21288,-208,55,1289
1.21406,-200,57,1280
1.21646,-223,56,1299
1.21773,-207,61,1311
1.21891,-213,45,1295
1.22008,-207,47,1289
1.22126,-205,50,1271
1.22243,-217,52,1283
1.22361,-211,55,1300
1.22479,-199,52,1296
1.22624,-210,52,1294
1.22764,-206,51,1295
1.22885,-209,60,1290
1.23005,-212,58,1296
1.23124,-225,56,1293
1.23242,-212,37,1290
1.23361,-202,60,1288
1.2348,-207,61,1297
1.236,-207,57,1287
1.23835,-205,67,1284
1.23958,-204,56,1291
1.24077,-201,53,1295
1.24195,-215,56,1294
1.24315,-223,57,1287
1.24433,-206,46,1035
1.24551,-205,63,1295
1.24671,-206,59,1293
1.24797,-215,59,1298
1.24919,-208,59,1297
1.25038,-216,55,1293
1.25157,-211,58,1285
1.25275,-205,58,1300
1.25394,-214,47,1301
1.25513,-216,52,1300
1.25634,-207,59,1296
1.25753,-212,52,1293
1.25986,-221,45,1293
1.26109,-218,64,1290
1.26229,-222,60,1296
1.26349,-210,55,1298
1.26467,-208,55,1295
1.26586,-214,57,1288
1.26706,-205,45,1295
1.26824,-215,58,1304
1.2696,-213,49,1296
1.27081,-204,54,1287
1.27199,-211,53,1285
1.27317,-222,54,1289
1.27435,-193,60,1292
1.27553,-208,52,1297
1.27675,-211,49,1302
1.27793,-213,50,1304
1.2791,-214,56,1289
1.28147,-214,53,1290
1.28271,-196,48,1284
1.28391,-215,55,1291
1.28509,-210,65,1292
1.28633,-225,67,1276
1.28753,-219,60,1291
1.28871,-206,53,1296
1.28988,-222,53,1293
1.29145,-208,55,1293
1.29267,-215,57,1296
1.29387,-208,54,1292
1.29505,-213,59,1283
1.29624,-211,55,1296
1.2974,-213,55,1295
1.29853,-206,50,1282
1.29966,-222,58,1296
1.30196,-216,54,1294
1.30317,-210,61,1294
1.30431,-213,54,1292
1.30545,-210,59,1286
1.3066,-215,64,1292
1.3078,-215,58,1296
1.30897,-220,62,1283
1.31015,-208,64,1288
1.31133,-204,42,1298
1.31264,-208,49,1295
1.31385,-220,39,1288
1.31502,-215,43,1290
1.31623,-221,61,1287
1.31741,-213,48,1285
1.31858,-210,50,1289
1.31975,-221,59,1288
1.32093,-206,47,1296
1.32326,-210,47,1286
1.32451,-207,53,1302
1.3257,-210,55,1289
1.32689,-211,56,1297
1.32806,-198,48,1301
1.32924,-211,58,1287
1.33042,-210,46,1293
1.33159,-212,49,1285
1.33277,-213,63,1310
1.33409,-215,43,1299
1.33529,-212,51,1298
1.33653,-210,47,1293
1.33771,-223,55,1303
1.33889,-208,56,1286
1.34005,-208,54,1283
1.34122,-216,51,1298
1.3424,-203,46,1298
1.34476,-208,56,1292
1.346,-206,54,1287
1.34726,-200,58,1300
1.34844,-203,63,1296
1.34963,-199,51,1280
1.35081,-207,54,1296
1.35199,-221,55,1289
1.35317,-218,58,1293
1.3545,-204,64,1287
1.35572,-198,53,1293
1.35691,-212,48,1301
1.35809,-206,54,1290
1.35926,-212,50,1301
1.36044,-214,55,1290
1.36162,-205,52,1284
1.3628,-214,56,1274
1.36398,-209,55,1289
1.36625,-212,53,1291
1.36749,-210,44,1302
1.36866,-206,57,1285
1.36984,-210,56,1295
1.37102,-197,60,1288
1.3722,-209,47,1295
1.37337,-207,62,1296
1.37455,-205,59,1291
1.37586,-211,58,1292
1.37706,-204,55,1294
1.37824,-217,56,1291
1.37942,-205,55,1283
1.38059,-221,54,1298
1.38177,-212,53,1301
1.38295,-212,54,1295
1.38412,-226,47,1299
1.38531,-211,60,1287
1.38766,-208,65,1290
1.3889,-212,56,1292
1.39009,-210,59,1296
1.39127,-209,57,1297
1.39246,-206,48,1292
1.39365,-215,56,1291
1.39483,-209,52,1293
1.39602,-219,57,1287
1.39743,-219,57,1295
1.39864,-215,42,1300
1.39982,-208,56,1296
1.401,-221,52,1284
1.40218,-219,53,1304
1.40338,-216,52,1297
1.40458,-225,54,1294
1.40576,-206,60,1283
1.40694,-212,50,1303
1.40937,-203,63,1304
1.41061,-220,57,1292
1.4118,-222,49,1290
1.413,-206,59,1291
1.41419,-212,61,1292
1.41538,-204,58,1300
1.41659,-208,54,1297
1.41778,-206,56,1300
1.41913,-217,53,1290
1.42034,-213,62,1288
1.42153,-216,57,1297
1.42273,-205,61,1297
1.42393,-216,60,1293
1.42511,-220,63,1292
1.42632,-215,55,1291
1.42751,-200,59,1291
1.4298,-207,65,1288
1.43107,-212,60,1294
1.43227,-224,63,1287
1.43347,-209,53,1296
1.43466,-210,51,1281
1.43585,-194,50,1287
1.43705,-194,61,1284
1.43824,-205,66,1305
1.43941,-208,55,1298
1.44078,-210,53,1295
1.44199,-211,57,1294
1.44319,-208,49,1284
1.44438,-203,56,1295
1.44556,-221,63,1289
1.44675,-209,56,1300
1.44794,-214,48,1285
1.44912,-209,52,1291
1.45148,-216,52,1290
1.45272,-202,51,1284
1.45392,-212,48,1293
1.45511,-216,52,1294
1.45635,-217,59,1283
1.45753,-210,57,1296
1.45871,-216,48,1292
1.45989,-220,50,1287
1.46122,-206,54,1296
1.46245,-212,50,1304
1.46366,-220,61,1299
1.46485,-213,57,1288
1.46603,-214,62,1286
1.46727,-206,44,1293
1.46841,-205,55,1294
1.46954,-218,49,1300
1.47066,-212,51,1285
1.47506,-206,62,1280
1.4764,-204,59,1294
1.4776,-216,51,1283
1.47878,-215,48,1307
1.47996,-211,61,1298
1.48113,-209,58,1280
1.48231,-201,46,1300
1.48349,-193,48,1286
1.48484,-208,53,1288
1.48605,-206,64,1312
1.48731,-210,57,1295
1.48849,-207,56,1307
1.48964,-205,52,1280
1.49081,-213,54,1286
1.49198,-211,59,1288
1.49316,-202,61,1286
1.49433,-209,52,1301
1.49672,-199,64,1294
1.49795,-211,70,1293
1.49914,-207,60,1300
1.50031,-197,59,1306
1.50149,-204,53,1299
1.50267,-204,51,1307
1.50384,-210,60,1294
1.50504,-214,60,1289
1.50635,-214,69,1301
1.50755,-221,55,1302
1.50873,-206,55,1303
1.50991,-213,60,1287
1.51109,-212,68,1292
1.51226,-212,49,1290
1.51345,-211,54,1292
1.51463,-209,57,1290
1.5158,-208,59,1295
1.51824,-216,63,1297
1.51949,-209,36,1291
1.52069,-198,55,1287
1.52188,-213,53,1283
1.52307,-210,50,1288
1.52426,-207,50,1294
1.52545,-211,58,1289
1.52669,-219,45,1293
1.52805,-219,51,1294
1.52926,-221,52,1277
1.53044,-218,56,1029
1.53163,-219,49,1300
1.53283,-220,66,1287
1.53403,-213,47,1290
1.53522,-216,60,1285
1.53641,-221,50,1283
1.53873,-205,62,1286
1.53996,-221,51,1295
1.54115,-209,52,1304
1.54255,-219,57,1296
1.54376,-215,58,1288
1.54495,-225,53,1289
1.5462,-213,57,1285
1.54735,-209,57,1303
1.54848,-213,62,1297
1.54982,-208,45,1295
1.55095,-205,55,1293
1.55208,-202,54,1284
1.55322,-208,57,1293
1.55435,-202,49,1296
1.55548,-211,62,1289
1.55669,-209,58,1289
1.55788,-197,50,1299
1.56164,-211,52,1296
1.56289,-204,55,1299
1.56826,-217,53,1295
1.5695,-207,61,1289
1.57068,-205,58,1030
1.57208,-210,60,1287
1.57327,-198,52,1293
1.57447,-212,44,1293
1.57566,-210,58,1293
1.57688,-216,57,1299
1.57807,-194,54,1284
1.57924,-217,49,1306
1.58042,-215,58,1300
1.58584,-211,44,1298
1.58711,-219,56,1300
1.58831,-213,55,1281
1.58947,-209,57,1292
1.59065,-196,48,1299
1.59183,-209,68,1311
1.59301,-227,62,1300
1.5942,-221,59,1291
1.59538,-209,60,1036
1.59667,-218,66,1299
1.59787,-214,54,1295
1.59905,-204,54,1299
1.60023,-216,50,1305
1.60142,-220,45,1294
1.6026,-228,52,1282
1.60378,-198,51,1284
1.60497,-209,57,1285
1.60949,-216,57,1301
1.61105,-216,54,1530
1.61227,-201,65,1301
1.61347,-210,71,1285
1.61466,-210,47,1298
1.61586,-216,52,1293
1.61702,-206,56,1289
1.61815,-218,59,1292
1.61928,-211,47,1286
1.62041,-216,52,1293
1.62155,-205,64,1298
1.62267,-208,52,1291
1.62382,-209,58,1297
1.62495,-199,62,1288
1.62608,-210,54,1297
1.62739,-213,52,1297
1.62858,-208,50,1287
1.62977,-222,50,1289
1.63096,-212,53,1289
1.63214,-213,53,1285
1.63333,-211,53,1285
1.63453,-201,45,1279
1.63572,-201,51,1288
1.63689,-212,60,1292
1.63802,-207,52,1293
1.63914,-221,55,1296
1.64026,-218,54,1286
1.6414,-220,61,1292
1.64253,-208,54,1295
1.64366,-213,45,1296
1.64479,-207,55,1290
1.64593,-214,48,1291
1.64723,-211,44,1296
1.64843,-222,53,1288
1.64976,-220,48,1290
1.65097,-215,51,1288
1.65217,-213,47,1286
1.65336,-216,62,1535
1.65455,-219,41,1303
1.65574,-220,46,1300
1.65693,-217,53,1305
1.65811,-212,47,1300
1.65943,-216,55,1299
1.66066,-215,48,1296
1.66185,-211,60,1289
1.66304,-213,46,1293
1.66423,-203,61,1296
1.66543,-199,41,1287
1.66667,-212,45,1292
1.66786,-210,52,1291
1.66902,-225,56,1276
1.67184,-214,58,1290
1.67309,-197,64,1295
1.67429,-215,52,1284
1.67549,-204,54,1294
1.6767,-204,67,1296
1.67826,-207,53,1280
1.67947,-203,60,1281
1.68146,-208,55,1291
1.68271,-217,59,1293
1.6839,-204,59,1276
1.68509,-203,52,1287
1.68633,-205,74,1295
1.68748,-205,59,1294
1.68861,-206,53,1292
1.68974,-195,59,1289
1.69087,-216,64,1293
1.69201,-212,70,1290
1.69315,-208,67,1295
1.69428,-215,49,1278
1.6954,-204,56,1293
1.69658,-212,58,1288
1.69778,-218,47,1295
1.69896,-203,54,1289
1.70014,-218,56,1287
1.70132,-202,59,1295
1.70251,-205,49,1296
1.70369,-214,52,1289
1.70489,-215,60,1292
1.70608,-212,50,1302
1.70728,-213,53,1294
1.70842,-212,50,1296
1.70956,-223,54,1286
1.71069,-215,54,1273
1.71202,-205,56,1277
1.71318,-229,54,1289
1.71431,-213,60,1290
1.71545,-208,62,1295
1.71685,-224,58,1288
1.71805,-208,56,1290
1.71922,-210,48,1295
1.7204,-222,54,1289
1.72171,-206,53,1291
1.72293,-213,40,1289
1.72412,-206,64,1290
1.7253,-211,42,1287
1.72651,-215,51,1301
1.72768,-212,50,1298
1.72886,-216,52,1305
1.73004,-232,54,1294
1.73122,-226,45,1292
1.73407,-217,65,1303
1.73531,-200,40,1289
1.73653,-209,55,1296
1.73771,-203,47,1277
1.7389,-209,58,1293
1.74007,-207,50,1296
1.74125,-210,50,1303
1.74243,-207,62,1295
1.74362,-208,57,1290
1.74481,-203,53,1300
1.74599,-202,53,1288
1.74725,-211,47,1286
1.74844,-207,60,1302
1.74963,-195,64,1287
1.75083,-205,58,1292
1.75201,-215,63,1286
1.75319,-207,53,1283
1.75438,-205,63,1295
1.75558,-212,53,1294
1.75676,-209,63,1300
1.75795,-217,68,1278
1.75914,-212,51,1291
1.76032,-211,57,1288
1.7615,-218,50,1280
1.76269,-218,52,1288
1.76387,-212,57,1288
1.76505,-215,53,1289
1.76624,-204,49,1290
1.76742,-200,56,1291
1.7686,-199,48,1296
1.76976,-196,53,1289
1.77093,-201,49,1285
1.77209,-207,44,1037
1.77334,-207,60,1286
1.77456,-211,51,1291
1.77574,-212,53,1296
1.77693,-207,56,1294
1.77811,-207,44,1303
1.77929,-212,54,1292
1.78046,-213,61,1280
1.78164,-213,59,1296
1.78281,-210,48,1292
1.78417,-206,59,1292
1.78536,-216,64,1295
1.78657,-221,61,1291
1.78774,-206,51,1289
1.78891,-209,54,1294
1.79007,-204,56,1290
1.79124,-216,56,1289
1.79241,-216,54,1297
1.79518,-211,53,1291
1.79668,-198,61,1288
1.79785,-208,52,1298
1.79898,-213,53,1299
1.80011,-214,57,1289
1.80126,-217,56,1300
1.80239,-210,53,1295
1.80352,-215,60,1289
1.80466,-210,56,1288
1.80579,-207,47,1291
1.80702,-215,53,1304
1.80822,-218,51,1302
1.8094,-210,67,1286
1.81058,-207,55,1283
1.81176,-211,54,1303
1.81295,-219,50,1295
1.81414,-218,53,1292
1.81532,-218,47,1304
1.81651,-222,52,1295
1.81769,-224,46,1294
1.81885,-206,54,1290
1.82002,-208,64,1288
1.8212,-217,64,1297
1.82237,-207,64,1290
1.82353,-208,59,1301
1.82471,-215,51,1298
1.82589,-212,50,1284
1.82736,-217,49,1294
1.82858,-201,45,1286
1.82976,-206,50,1285
1.83093,-205,41,1287
1.83211,-211,55,1290
1.83329,-213,56,1291
1.83447,-208,55,1282
1.83582,-204,50,1295
1.83704,-209,57,1299
1.83822,-203,51,1285
1.8394,-216,55,1292
1.84058,-205,56,1292
1.84176,-218,59,1296
1.84293,-206,50,1290
1.84411,-210,54,1304
1.8453,-208,58,1302
1.84667,-213,63,1292
1.84781,-209,60,1292
1.84895,-207,68,1306
1.85007,-210,60,1280
1.8512,-203,59,1298
1.85233,-202,53,1286
1.85346,-212,52,1300
1.8546,-213,55,1300
1.85741,-220,62,1280
1.85866,-204,53,1300
1.85986,-206,56,1295
1.86103,-202,54,1280
1.86222,-198,53,1279
1.8634,-214,46,1285
1.86459,-224,51,1291
1.86577,-207,56,1301
1.86702,-211,53,1302
1.86821,-201,63,1298
1.86939,-215,63,1296
1.87058,-214,52,1301
1.87177,-206,53,1302
1.87294,-211,63,1290
1.87413,-208,69,1295
1.87531,-211,56,1295
1.87651,-213,49,1290
1.87771,-207,60,1290
1.8789,-206,62,1289
1.88008,-200,54,1290
1.88125,-208,46,1294
1.88244,-205,54,1296
1.88362,-217,50,1290
1.88481,-212,63,1287
1.88599,-210,59,1295
1.88724,-205,56,1290
1.88843,-215,43,1295
1.8896,-217,55,1293
1.89078,-210,54,1285
1.89197,-214,54,1287
1.89315,-215,66,1283
1.89434,-209,55,1288
1.89553,-208,52,1292
1.89672,-206,56,1286
1.89805,-208,55,1292
1.89926,-204,47,1292
1.90043,-215,54,1289
1.90161,-216,55,1288
1.9028,-216,50,1293
1.90399,-212,56,1294
1.90518,-223,49,1298
1.90637,-213,53,1293
1.90771,-208,53,1305
1.90892,-207,56,1279
1.91011,-214,55,1295
1.9113,-209,47,1290
1.91247,-218,53,1291
1.91365,-202,45,1288
1.91484,-215,49,1290
1.91601,-208,58,1289
1.91725,-209,51,1296
1.92009,-216,45,1281
1.92134,-211,48,1283
1.92253,-213,52,1287
1.92371,-200,53,1281
1.92491,-210,61,1302
1.9261,-203,62,1288
1.92737,-202,55,1298
1.92856,-216,57,1289
1.92976,-218,56,1303
1.93094,-207,65,1302
1.93213,-215,59,1292
1.93332,-212,41,1292
1.93451,-208,44,1283
1.9357,-205,59,1289
1.93691,-196,53,1293
1.9381,-210,44,1291
1.93927,-215,47,1301
1.94045,-208,41,1296
1.94164,-206,56,1281
1.94283,-209,46,1291
1.94403,-211,60,1286
1.94521,-209,47,1284
1.9464,-211,55,1292
1.94754,-219,56,1302
1.94868,-214,46,1300
1.94982,-213,56,1296
1.95094,-216,47,1291
1.95207,-211,56,1288
1.95321,-207,55,1295
1.95434,-211,54,1290
1.95547,-220,61,1292
1.95667,-219,58,1294
1.95785,-213,56,1304
1.95903,-208,51,1298
1.96039,-199,48,1291
1.96161,-208,56,1294
1.96279,-218,45,1302
1.96398,-216,66,1303
1.96516,-205,54,1303
1.96636,-216,50,1293
1.96755,-206,59,1302
1.96872,-223,46,1298
1.97005,-216,49,1290
1.97125,-210,58,1289
1.97242,-210,61,1289
1.9736,-213,62,1301
1.97479,-210,41,1283
1.97598,-219,47,1287
1.97723,-211,54,1295
1.9784,-212,63,1287
1.98119,-212,39,1286
1.98248,-217,46,1303
1.98368,-224,52,1291
1.98486,-221,61,1292
1.98604,-218,46,1295
1.9873,-214,58,1285
1.9885,-205,52,1285
1.98966,-213,44,1294
1.99085,-212,53,1302
1.99203,-210,66,1292
1.99322,-210,63,1290
1.99442,-213,63,1297
1.99561,-218,42,1291
1.99685,-221,54,1282
1.99803,-218,54,1301
1.99921,-218,57,1290
2.00039,-212,44,1280
2.00157,-203,43,1303
2.00276,-214,53,1294
2.00395,-209,54,1294
2.00514,-196,46,1295
2.00636,-209,54,1292
2.00756,-214,57,1289
2.00874,-215,47,1290
2.00992,-213,53,1299
2.0111,-209,63,1289
2.01227,-218,49,1293
2.01347,-214,48,1290
2.01466,-204,53,1294
2.01584,-213,53,1290
2.01703,-218,57,1286
2.0182,-208,53,1291
2.01939,-204,56,1299
2.02056,-207,59,1294
2.02186,-214,46,1292
2.02306,-213,46,1291
2.02425,-206,56,1293
2.02543,-215,49,1295
2.02667,-208,59,1290
2.02785,-214,65,1288
2.02903,-214,56,1295
2.0302,-212,61,1304
2.03152,-214,56,1286
2.03274,-216,58,1294
2.03392,-214,47,1291
2.03531,-206,58,1295
2.03654,-204,55,1291
2.03772,-219,62,1287
2.0389,-211,64,1292
2.04007,-214,54,1292
2.04125,-205,58,1288
2.04408,-216,58,1296
2.04533,-212,55,1280
2.04654,-217,49,1294
2.04768,-203,52,1296
2.04882,-206,61,1295
2.04996,-215,65,1306
2.0511,-223,58,1292
2.05222,-220,66,1292
2.05337,-219,62,1290
2.0545,-217,48,1291
2.05563,-217,53,1290
2.05685,-224,52,1298
2.05804,-212,49,1303
2.05922,-210,56,1289
2.06041,-208,49,1293
2.06159,-206,57,1292
2.06277,-214,55,1289
2.06396,-202,63,1291
2.06514,-208,46,1289
2.06634,-214,57,1291
2.06753,-212,52,1298
2.06872,-222,63,1303
2.0699,-214,47,1297
2.07108,-213,56,1287
2.07226,-211,53,1283
2.07343,-213,46,1286
2.07461,-211,54,1285
2.07579,-207,73,1287
2.07701,-205,45,1304
2.07821,-207,55,1296
2.07938,-221,47,1300
2.08056,-220,50,1291
2.08172,-209,63,1293
2.0829,-194,54,1303
2.08421,-217,51,1296
2.08541,-212,57,1293
2.0866,-215,46,1292
2.08779,-220,46,1291
2.08895,-210,54,1293
2.09012,-212,59,1292
2.0913,-211,63,1300
2.09247,-222,51,1291
2.09371,-220,50,1305
2.09492,-208,60,1284
2.09615,-225,48,1293
2.09735,-208,49,1294
2.09853,-199,49,1302
2.09971,-218,52,1286
2.10089,-217,51,1296
2.10207,-213,48,1292
2.10325,-208,55,1295
2.10609,-225,51,1294
2.10736,-213,56,1287
2.10849,-206,59,1283
2.10962,-203,52,1305
2.11077,-209,36,1283
2.1119,-201,50,1288
2.11303,-220,61,1287
2.11417,-205,51,1295
2.1153,-204,51,1291
2.11666,-210,51,1291
2.11787,-217,64,1287
2.11905,-211,52,1287
2.12023,-213,59,1282
2.12142,-219,59,1301
2.12258,-205,48,1297
2.12377,-204,49,1296
2.12496,-203,53,1290
2.12619,-205,53,1288
2.12739,-224,53,1293
2.12857,-215,50,1289
2.12977,-208,50,1286
2.13094,-213,47,1290
2.13212,-209,57,1303
2.1333,-204,56,1276
2.13448,-214,48,1292
2.13567,-204,41,1311
2.13687,-208,60,1288
2.13804,-211,64,1295
2.13921,-195,55,1280
2.14036,-209,53,1286
2.14154,-196,58,1301
2.14272,-202,68,1304
2.14389,-215,63,1303
2.14507,-207,66,1291
2.14649,-215,59,1298
2.14769,-202,56,1285
2.14887,-215,68,1284
2.15005,-216,56,1296
2.15122,-206,57,1300
2.15239,-214,51,1287
2.15357,-209,53,1290
2.15475,-225,54,1292
2.15604,-217,49,1291
2.1573,-216,61,1286
2.15848,-210,59,1298
2.15965,-218,48,1297
2.16084,-218,47,1301
2.16202,-211,65,1296
2.1632,-216,66,1294
2.16437,-218,57,1296
2.16723,-208,66,1288
2.16853,-209,57,1294
2.16973,-207,51,1289
2.17092,-211,53,1282
2.1721,-212,52,1283
2.17322,-213,58,1290
2.17435,-219,55,1290
2.17549,-203,59,1287
2.17675,-205,53,1281
2.17795,-212,49,1290
2.17912,-221,52,1287
2.1803,-207,58,1296
2.18149,-215,60,1300
2.18268,-209,46,1281
2.18387,-213,57,1288
2.18505,-219,59,1296
2.18625,-208,62,1285
2.18743,-217,57,1292
2.18861,-216,55,1304
2.18979,-212,63,1294
2.19097,-217,61,1287
2.19215,-226,66,1291
2.19333,-211,68,1290
2.19452,-211,46,1288
2.1957,-200,59,1283
2.1969,-215,57,1305
2.19809,-213,60,1299
2.19927,-212,47,1290
2.20046,-215,55,1277
2.20165,-216,55,1289
2.20283,-205,59,1288
2.20402,-202,56,1291
2.20521,-205,53,1289
2.20641,-212,54,1290
2.20775,-197,63,1278
2.20895,-209,59,1292
2.21014,-218,57,1289
2.21132,-204,50,1289
2.2125,-203,59,1286
2.2137,-208,58,1292
2.21489,-212,51,1285
2.21607,-213,65,1294
2.21731,-216,58,1290
2.21869,-207,59,1292
2.2199,-223,43,1300
2.22108,-212,54,1289
2.22226,-211,51,1267
2.22343,-214,44,1293
2.22462,-216,53,1303
2.22581,-214,55,1299
2.22701,-216,55,1280
2.2302,-207,60,1276
2.23144,-207,50,1292
2.23263,-204,62,1287
2.23382,-214,51,1312
2.23501,-225,57,1290
2.23621,-216,50,1278
2.23741,-207,55,1288
2.23859,-212,56,1300
2.23977,-208,52,1290
2.24096,-216,55,1300
2.24214,-215,60,1298
2.24333,-226,56,1293
2.24452,-215,47,1291
2.2457,-213,55,1298
2.2469,-208,62,1280
2.24809,-206,51,1284
2.24927,-213,56,1294
2.25045,-212,48,1297
2.25164,-209,69,1285
2.25282,-207,61,1289
2.25401,-215,60,1296
2.25519,-214,64,1290
2.25639,-210,60,1294
2.25758,-212,55,1303
2.25877,-209,62,1290
2.25995,-219,62,1287
2.26112,-211,63,1283
2.26231,-208,55,1291
2.26349,-219,52,1295
2.26467,-210,59,1290
2.26586,-214,55,1301
2.26705,-216,50,1279
2.26823,-215,49,1290
2.2694,-207,42,1290
2.27066,-220,55,1303
2.27187,-211,57,1307
2.27306,-211,49,1301
2.27424,-204,56,1288
2.27562,-206,46,1288
2.27688,-211,58,1289
2.27806,-207,55,1294
2.27923,-226,55,1290
2.28053,-218,62,1290
2.28174,-220,49,1291
2.28292,-208,65,1289
2.28412,-199,53,1289
2.28531,-212,57,1291
2.28651,-215,43,1294
2.2877,-201,61,1298
2.28888,-210,53,1286
2.29166,-209,55,1283
2.29295,-200,54,1299
2.29415,-202,64,1286
2.29534,-205,60,1292
2.29654,-220,37,1289
2.29768,-210,48,1297
2.29881,-203,64,1299
2.29994,-222,50,1302
2.30107,-212,37,1296
2.3022,-197,63,1288
2.30333,-220,66,1277
2.30447,-213,55,1286
2.3056,-207,54,1297
2.30677,-214,46,1285
2.30797,-212,52,1285
2.30915,-210,58,1278
2.31032,-211,54,1289
2.31152,-212,55,1298
2.3127,-211,50,1294
2.31388,-210,44,1295
2.31507,-218,53,1292
2.31626,-207,47,1298
2.31746,-213,52,1302
2.31864,-208,59,1296
2.31983,-223,57,1288
2.32101,-216,65,1304
2.3222,-206,58,1292
2.32337,-203,54,1293
2.32456,-213,63,1287
2.32575,-215,60,1295
2.32694,-227,61,1298
2.32812,-219,61,1296
2.32929,-212,64,1292
2.33048,-217,56,1293
2.3318,-200,52,1300
2.33301,-219,55,1284
2.33421,-206,64,1289
2.33539,-213,58,1287
2.33658,-201,56,1289
2.33777,-204,53,1298
2.33893,-202,60,1302
2.3401,-214,47,1297
2.34127,-208,54,1284
2.34263,-211,60,1300
2.34384,-208,50,1291
2.34503,-207,58,1301
2.34623,-211,61,1294
2.34741,-208,50,1295
2.34859,-218,57,1289
2.34976,-211,58,1282
2.35093,-219,57,1302
2.35363,-220,61,1295
2.35491,-212,51,1288
2.35609,-209,54,1288
2.35736,-219,67,1295
2.35855,-211,60,1286
2.35973,-215,67,1280
2.36091,-211,54,1289
2.36208,-221,58,1295
2.36328,-209,63,1292
2.36447,-211,59,1292
2.36565,-216,46,1302
2.36685,-206,68,1301
2.36804,-206,62,1299
2.36922,-206,52,1282
2.37041,-218,50,1287
2.37159,-225,61,1290
2.37276,-209,57,1284
2.37395,-214,52,1301
2.37514,-212,59,1290
2.37635,-207,58,1284
2.37754,-209,47,1293
2.37872,-211,46,1288
2.3799,-211,59,1294
2.38108,-217,60,1289
2.38227,-215,48,1287
2.38346,-205,46,1296
2.38464,-216,58,1289
2.38582,-221,65,1291
2.38701,-215,60,1281
2.38819,-210,66,1286
2.38935,-207,54,1286
2.39052,-223,49,1288
2.3917,-211,49,1292
2.39287,-209,54,1286
2.39415,-219,46,1293
2.39537,-202,49,1292
2.39657,-214,59,1296
2.39774,-212,68,1295
2.39892,-215,58,1285
2.40009,-227,52,1292
2.40127,-219,65,1292
2.40244,-204,62,1289
2.40362,-216,54,1288
2.40499,-212,56,1290
2.4062,-206,52,1299
2.40739,-209,49,1292
2.40856,-220,62,1289
2.40974,-209,59,1305
2.41092,-213,46,1304
2.41209,-210,59,1294
2.41326,-212,52,1289
2.41618,-206,54,1299
2.41744,-210,56,1294
2.41862,-209,67,1296
2.4198,-213,52,1297
2.42098,-209,48,1285
2.42217,-204,69,1296
2.42334,-208,52,1291
2.42453,-223,59,1282
2.42572,-202,58,1286
2.42689,-210,56,1292
2.42831,-212,46,1294
2.42945,-210,50,1293
2.43058,-215,51,1294
2.43171,-215,49,1299
2.43284,-213,45,1305
2.43398,-205,49,1296
2.43512,-212,57,1297
2.43627,-204,46,1294
2.43748,-222,52,1291
2.43865,-215,40,1303
2.43983,-219,54,1295
2.44102,-209,49,1285
2.4422,-223,33,1288
2.44338,-210,61,1290
2.44457,-211,57,1288
2.44575,-207,61,1281
2.44694,-222,50,1291
2.44814,-206,53,1304
2.44932,-205,50,1288
2.45049,-216,58,1293
2.45166,-214,62,1292
2.45285,-209,57,1293
2.45403,-213,54,1292
2.45521,-212,47,1290
2.4565,-213,56,1301
2.4577,-204,62,1297
2.45889,-212,65,1303
2.46006,-219,56,1293
2.46123,-214,65,1289
2.46241,-209,65,1305
2.46359,-216,56,1286
2.46477,-206,63,1291
2.4661,-206,55,1287
2.46737,-214,53,1291
2.46854,-222,59,1308
2.46972,-209,50,1289
2.4709,-206,54,1296
2.47208,-201,60,1303
2.47324,-207,67,1293
2.47441,-206,51,1293
2.47558,-211,60,1298
2.47885,-210,55,1302
2.4801,-210,53,1305
2.4813,-202,60,1292
2.48248,-202,60,1293
2.48367,-201,50,1295
2.48486,-205,69,1296
2.48605,-210,62,1285
2.48732,-210,58,1293
2.4885,-202,46,1290
2.48966,-216,54,1296
2.49084,-214,56,1295
2.49202,-209,47,1299
2.49321,-217,54,1293
2.49441,-216,44,1297
2.49559,-206,60,1293
2.49682,-211,49,1305
2.49801,-224,56,1301
2.49921,-220,66,1289
2.50039,-224,48,1299
2.50158,-202,46,1289
2.50276,-222,51,1290
2.50394,-210,46,1280
2.50515,-212,52,1301
2.50634,-217,50,1298
2.50752,-223,40,1295
2.50871,-213,59,1294
2.50988,-216,60,1298
2.51107,-225,44,1283
2.51225,-220,49,1291
2.51344,-230,52,1284
2.51462,-218,58,1293
2.51601,-206,45,1278
2.51728,-217,40,1292
2.51863,-209,54,1299
2.51984,-219,54,1290
2.52102,-211,57,1306
2.52221,-211,49,1295
2.52337,-212,60,1294
2.52457,-223,54,1299
2.52576,-210,55,1293
2.52694,-208,62,1301
2.52828,-211,61,1300
2.5295,-203,53,1293
2.5307,-207,46,1281
2.53189,-209,49,1293
2.53307,-214,57,1292
2.53426,-208,44,1300
2.53544,-209,46,1294
2.53667,-208,61,1287
2.53786,-217,62,1294
2.54108,-209,47,1297
2.54233,-203,62,1294
2.54352,-210,49,1284
2.54471,-203,52,1297
2.54592,-214,58,1297
2.54707,-203,65,1302
2.54821,-212,52,1286
2.54934,-214,60,1289
2.55047,-216,65,1298
2.55161,-207,68,1292
2.55274,-212,61,1285
2.55387,-213,52,1289
2.555,-208,58,1284
2.55617,-210,64,1277
2.55738,-213,60,1298
2.55857,-222,50,1296
2.55975,-206,63,1300
2.56093,-216,60,1298
2.56212,-218,60,1282
2.56332,-225,65,1281
2.56451,-221,48,1287
2.56569,-209,50,1276
2.5669,-217,58,1302
2.56808,-212,63,1295
2.56926,-202,49,1290
2.57046,-210,55,1287
2.57165,-213,55,1290
2.57281,-216,41,1298
2.574,-211,53,1297
2.57519,-208,53,1291
2.5764,-201,56,1285
2.57758,-215,58,1286
2.57876,-213,63,1292
2.57993,-204,52,1287
2.58119,-222,62,1290
2.5824,-209,41,1290
2.5836,-204,54,1299
2.58478,-212,60,1288
2.58597,-201,55,1295
2.58721,-214,57,1291
2.58839,-212,58,1289
2.58957,-201,58,1289
2.59087,-216,51,1295
2.59208,-211,54,1293
2.59326,-201,55,1291
2.59446,-215,49,1289
2.59565,-211,56,1306
2.59685,-208,50,1297
2.59803,-215,56,1295
2.5992,-201,43,1297
2.60037,-218,53,1309
2.60467,-215,48,1030
2.60591,-206,51,1282
2.60711,-206,56,1294
2.6083,-205,55,1285
2.60948,-208,54,1291
2.61067,-209,52,1282
2.61186,-222,53,1296
2.61304,-214,54,1301
2.61423,-210,56,1304
2.61542,-217,45,1296
2.61666,-209,54,1290
2.61786,-214,48,1280
2.61904,-213,59,1282
2.62022,-210,56,1297
2.62141,-213,66,1303
2.62259,-198,58,1287
2.62378,-205,58,1292
2.62497,-221,58,1290
2.62617,-213,50,1293
2.62736,-200,55,1299
2.62854,-217,45,1290
2.62973,-205,48,1290
2.63091,-219,58,1290
2.6321,-208,49,1292
2.63328,-226,53,1289
2.63446,-204,62,1291
2.63565,-202,58,1035
2.63684,-209,48,1289
2.63802,-213,54,1296
2.63918,-215,55,1302
2.64034,-214,51,1287
2.64152,-213,59,1289
2.6427,-204,58,1297
2.64405,-210,55,1037
2.64526,-211,61,1283
2.6465,-209,52,1302
2.64769,-217,49,1298
2.64887,-217,56,1295
2.65004,-223,49,1300
2.65121,-212,49,1283
2.65239,-223,59,1295
2.65357,-211,44,1297
2.65493,-217,48,1299
2.65617,-222,54,1288
2.65736,-215,62,1299
2.65854,-205,62,1290
2.65971,-221,54,1284
2.66088,-207,52,1291
2.66206,-200,49,1282
2.66324,-214,47,1301
2.66653,-225,54,1290
2.66778,-205,50,1288
2.66897,-206,47,1289
2.67017,-217,58,1298
2.67136,-212,58,1293
2.67254,-223,65,1295
2.67372,-214,61,1290
2.6749,-210,52,1291
2.6761,-209,54,1295
2.67736,-205,67,1294
2.67855,-220,58,1297
2.67974,-211,55,1297
2.68093,-212,54,1291
2.68213,-221,60,1293
2.68333,-204,56,1277
2.68451,-209,59,1283
2.6857,-212,57,1293
2.6869,-222,48,1293
2.6881,-211,55,1299
2.68928,-209,46,1292
2.69046,-208,61,1287
2.69164,-209,59,1292
2.69283,-215,53,1295
2.69402,-218,55,1294
2.69523,-213,53,1299
2.69642,-215,72,1300
2.69761,-213,59,1300
2.69879,-208,45,1296
2.69997,-205,53,1287
2.70115,-207,55,1294
2.70233,-211,57,1288
2.7035,-208,49,1303
2.70469,-212,55,1301
2.70587,-204,60,1307
2.7073,-201,56,1300
2.70851,-206,48,1294
2.70969,-208,58,1283
2.71088,-198,54,1292
2.71207,-214,58,1298
2.71326,-203,58,1295
2.71446,-205,55,1299
2.71565,-212,54,1283
2.71697,-205,50,1301
2.71819,-220,69,1288
2.71937,-201,57,1301
2.72057,-212,64,1289
2.72176,-213,54,1293
2.72294,-212,46,1303
2.72413,-220,50,1298
2.72533,-210,61,1300
2.72812,-201,60,1280
2.72939,-214,59,1290
2.73058,-209,59,1291
2.73178,-197,51,1283
2.73296,-197,52,1294
2.73415,-204,62,1285
2.73535,-202,42,1279
2.73656,-209,54,1290
2.73776,-213,38,1300
2.73894,-205,45,1291
2.74011,-198,52,1277
2.74131,-208,51,1288
2.7425,-212,51,1280
2.74369,-207,56,1307
2.74488,-215,52,1296
2.74607,-217,58,1298
2.74734,-215,54,1296
2.74853,-198,55,1295
2.74972,-210,65,1282
2.75091,-216,54,1292
2.7521,-203,47,1285
2.7533,-215,51,1298
2.75449,-218,59,1299
2.75567,-215,54,1294
2.75686,-214,47,1279
2.75804,-221,60