secs, cad, hr, km, kph, nm, watts, alt, lon, lat, headwind, slope, temp, interval, lrbalance, lte, rte, lps, rps, smo2, thb, o2hb, hhb
1,0,0,5e-05,1.6164,0,0,200.2,144.569,-36.7829,0,0,28,0,-255,0,0,0,0,0,0,0,0
2,0,0,5e-05,1.0776,0,0,200.2,0,0,0,0,28,0,-255,0,0,0,0,0,0,0,0
3,0,0,5e-05,0.5388,0,0,200.2,0,0,0,0,28,0,-255,0,0,0,0,0,0,0,0
4,0,0,5e-05,0,0,0,200.2,0,0,0,0,28,0,-255,0,0,0,0,0,0,0,0
5,0,0,5e-05,0,0,0,200.2,0,0,0,0,28,0,-255,0,0,0,0,0,0,0,0
6,0,0,5e-05,0,0,0,200.2,144.569,-36.7829,0,0,28,0,-255,0,0,0,0,0,0,0,0
7,0,0,0.00084,0,0,0,200.2,144.569,-36.7829,0,0,28,0,-255,0,0,0,0,0,0,0,0
8,0,0,0.00103,0,0,0,200.4,144.569,-36.7829,0,0,28,0,-255,0,0,0,0,0,0,0,0
9,0,0,0.00126,0,0,0,200.4,144.569,-36.7829,0,0,28,0,-255,0,0,0,0,0,0,0,0
10,0,0,0.00152,0,0,0,200.4,144.569,-36.7829,0,1.77636e-16,28,0,-255,0,0,0,0,0,0,0,0
11,0,0,0.00181,0,0,0,200.4,144.569,-36.7829,0,1.77636e-16,28,0,-255,0,0,0,0,0,0,0,0
12,0,0,0.00181,0,0,0,200.4,0,0,0,1.77636e-16,28,0,-255,0,0,0,0,0,0,0,0
13,0,0,0.00181,0,0,0,200.4,0,0,0,1.77636e-16,28,0,-255,0,0,0,0,0,0,0,0
14,0,0,0.00513,0,0,0,200.4,144.568,-36.7829,0,1.77636e-16,28,0,-255,0,0,0,0,0,0,0,0
15,0,0,0.00572,0,0,0,200.4,144.568,-36.7829,0,1.77636e-16,28,0,-255,0,0,0,0,0,0,0,0
16,0,0,0.00618,0,0,0,200.4,144.569,-36.7829,0,1.77636e-16,28,0,-255,0,0,0,0,0,0,0,0
17,0,0,0.00683,0,0,0,200.4,144.569,-36.7829,0,1.77636e-16,28,0,-255,0,0,0,0,0,0,0,0
18,0,0,0.00783,0,0,0,200.4,144.569,-36.7828,0,1.77636e-16,28,0,-255,0,0,0,0,0,0,0,0
19,0,0,0.00826,1.638,0,0,200.4,144.569,-36.7828,0,1.77636e-16,28,0,-255,0,0,0,0,0,0,0,0
20,0,0,0.00905,1.6452,0,0,200.4,144.569,-36.7828,0,1.77636e-16,28,0,-255,0,0,0,0,0,0,0,0
21,0,0,0.00957,1.6344,0,0,200.4,144.568,-36.7828,0,1.77636e-16,28,0,-255,0,0,0,0,0,0,0,0
22,0,0,0.01056,1.6344,0,0,200.4,144.569,-36.7828,0,1.77636e-16,28,0,-255,0,0,0,0,0,0,0,0
23,0,0,0.01106,1.6308,0,0,200.4,144.569,-36.7828,0,1.77636e-16,28,0,-255,0,0,0,0,0,0,0,0
24,0,0,0.0116,1.6236,0,0,200.4,144.569,-36.7828,0,1.77636e-16,28,0,-255,0,0,0,0,0,0,0,0
25,0,0,0.01181,0,0,0,200.4,144.569,-36.7828,0,1.77636e-16,28,0,-255,0,0,0,0,0,0,0,0
26,0,0,0.01255,0,0,0,200.4,144.569,-36.7828,0,1.77636e-16,28,0,-255,0,0,0,0,0,0,0,0
27,0,0,0.01343,0,0,0,200.4,144.568,-36.7828,0,1.77636e-16,28,0,-255,0,0,0,0,0,0,0,0
28,0,0,0.01408,0,0,0,200.4,144.568,-36.7828,0,1.77636e-16,28,0,-255,0,0,0,0,0,0,0,0
29,0,0,0.0146,0,0,0,200.4,144.568,-36.7828,0,1.77636e-16,28,0,-255,0,0,0,0,0,0,0,0
30,0,0,0.01509,0,0,0,200.4,144.568,-36.7828,0,1.77636e-16,28,0,-255,0,0,0,0,0,0,0,0
31,0,0,0.01558,0,0,0,200.4,144.568,-36.7828,0,1.77636e-16,28,0,-255,0,0,0,0,0,0,0,0
32,0,0,0.01607,0,0,0,200.4,144.568,-36.7828,0,1.77636e-16,28,0,-255,0,0,0,0,0,0,0,0
33,0,0,0.01656,0,0,0,200.4,144.568,-36.7828,0,1.77636e-16,28,0,-255,0,0,0,0,0,0,0,0
34,0,0,0.01705,0,0,0,200.4,144.568,-36.7828,0,1.77636e-16,28,0,-255,0,0,0,0,0,0,0,0
76,0,0,0.0233,1.9548,0,0,200.4,144.569,-36.7828,0,1.77636e-16,28,0,-255,0,0,0,0,0,0,0,0
77,0,0,0.02414,1.9116,0,0,200.4,144.569,-36.7828,0,1.77636e-16,28,0,-255,0,0,0,0,0,0,0,0
78,0,0,0.02515,1.9116,0,0,200.4,144.569,-36.7828,0,1.77636e-16,28,0,-255,0,0,0,0,0,0,0,0
79,0,0,0.0265,1.9332,0,0,200.4,144.569,-36.7829,0,1.77636e-16,28,0,-255,0,0,0,0,0,0,0,0
80,0,0,0.02741,1.9368,0,0,200.4,144.569,-36.7829,0,1.77636e-16,28,0,-255,0,0,0,0,0,0,0,0
81,0,0,0.02853,1.962,0,0,200.4,144.569,-36.7829,0,1.77636e-16,28,0,-255,0,0,0,0,0,0,0,0
82,0,0,0.0293,1.9548,0,0,200.4,144.569,-36.7829,0,1.77636e-16,28,0,-255,0,0,0,0,0,0,0,0
83,0,0,0.03014,1.9116,0,0,200.4,144.569,-36.7829,0,1.77636e-16,28,0,-255,0,0,0,0,0,0,0,0
84,0,0,0.03105,1.854,0,0,200.4,144.569,-36.7829,0,1.77636e-16,28,0,-255,0,0,0,0,0,0,0,0
85,0,0,0.03244,1.818,0,0,200.4,144.569,-36.7829,0,1.77636e-16,28,0,-255,0,0,0,0,0,0,0,0
86,0,0,0.03324,1.7424,0,0,200.4,144.569,-36.7829,0,1.77636e-16,28,0,-255,0,0,0,0,0,0,0,0
87,0,0,0.03387,0,0,0,200.4,144.569,-36.7829,0,1.77636e-16,28,0,-255,0,0,0,0,0,0,0,0
88,0,0,0.03475,0,0,0,200.4,144.569,-36.7829,0,1.77636e-16,28,0,-255,0,0,0,0,0,0,0,0
89,0,0,0.03483,0,0,0,200.4,144.569,-36.7829,0,1.77636e-16,28,0,-255,0,0,0,0,0,0,0,0
90,0,0,0.03483,0,0,0,200.4,144.569,-36.7829,0,1.77636e-16,28,0,-255,0,0,0,0,0,0,0,0
91,0,0,0.03483,0,0,0,200.4,144.569,-36.7829,0,1.77636e-16,28,0,-255,0,0,0,0,0,0,0,0
92,0,0,0.03483,0,0,0,200.4,144.569,-36.7829,0,1.77636e-16,28,0,-255,0,0,0,0,0,0,0,0
93,0,0,0.03486,0,0,0,200.4,144.569,-36.7829,0,1.77636e-16,28,0,-255,0,0,0,0,0,0,0,0
94,0,0,0.03492,0,0,0,200.4,144.569,-36.7829,0,1.77636e-16,28,0,-255,0,0,0,0,0,0,0,0
95,0,0,0.03495,0,0,0,200.4,144.569,-36.7829,0,1.77636e-16,28,0,-255,0,0,0,0,0,0,0,0
96,0,0,0.03496,0,0,0,200.4,144.569,-36.7829,0,1.77636e-16,28,0,-255,0,0,0,0,0,0,0,0
97,0,0,0.03496,0,0,0,200.4,144.569,-36.7829,0,1.77636e-16,28,0,-255,0,0,0,0,0,0,0,0
98,0,0,0.03498,0,0,0,200.4,144.569,-36.7829,0,1.77636e-16,28,0,-255,0,0,0,0,0,0,0,0
99,0,0,0.03499,0,0,0,200.4,144.569,-36.7829,0,1.77636e-16,28,0,-255,0,0,0,0,0,0,0,0
100,0,0,0.03499,0,0,0,200.4,144.569,-36.7829,0,1.77636e-16,28,0,-255,0,0,0,0,0,0,0,0
101,0,0,0.03501,0,0,0,200.4,144.569,-36.7829,0,1.77636e-16,28,0,-255,0,0,0,0,0,0,0,0
102,0,0,0.03501,0,0,0,200.4,144.569,-36.7829,0,1.77636e-16,28,0,-255,0,0,0,0,0,0,0,0
103,0,0,0.03501,0,0,0,200.4,144.569,-36.7829,0,1.77636e-16,28,0,-255,0,0,0,0,0,0,0,0
104,0,0,0.03501,0,0,0,200.4,144.569,-36.7829,0,1.77636e-16,28,0,-255,0,0,0,0,0,0,0,0
105,0,0,0.03501,0,0,0,200.4,144.569,-36.7829,0,1.77636e-16,28,0,-255,0,0,0,0,0,0,0,0
106,0,0,0.03501,0,0,0,200.4,144.569,-36.7829,0,1.77636e-16,28,0,-255,0,0,0,0,0,0,0,0
107,0,0,0.03501,0,0,0,200.4,144.569,-36.7829,0,1.77636e-16,28,0,-255,0,0,0,0,0,0,0,0
108,0,0,0.03501,0,0,0,200.4,144.569,-36.7829,0,1.77636e-16,28,0,-255,0,0,0,0,0,0,0,0
109,0,0,0.03501,0,0,0,200.4,144.569,-36.7829,0,1.77636e-16,28,0,-255,0,0,0,0,0,0,0,0
110,0,0,0.03501,0,0,0,200.4,144.569,-36.7829,0,1.77636e-16,28,0,-255,0,0,0,0,0,0,0,0
111,0,0,0.03501,0,0,0,200.4,144.569,-36.7829,0,1.77636e-16,28,0,-255,0,0,0,0,0,0,0,0
112,0,0,0.03501,0,0,0,200.4,144.569,-36.7829,0,1.77636e-16,28,0,-255,0,0,0,0,0,0,0,0
113,0,0,0.03501,0,0,0,200.4,144.569,-36.7829,0,1.77636e-16,28,0,-255,0,0,0,0,0,0,0,0
114,0,0,0.03501,0,0,0,200.4,144.569,-36.7829,0,1.77636e-16,28,0,-255,0,0,0,0,0,0,0,0
115,0,0,0.03501,0,0,0,200.4,144.569,-36.7829,0,1.77636e-16,28,0,-255,0,0,0,0,0,0,0,0
116,0,0,0.03501,0,0,0,200.4,144.569,-36.7829,0,1.77636e-16,28,0,-255,0,0,0,0,0,0,0,0
117,0,0,0.03501,0,0,0,200.4,144.569,-36.7829,0,1.77636e-16,28,0,-255,0,0,0,0,0,0,0,0
118,15,0,0.03507,0,0,113,200.4,144.569,-36.7829,0,1.77636e-16,28,0,-255,0,0,0,0,0,0,0,0
119,21,0,0.03527,0,0,197,200.4,144.569,-36.7829,0,1.77636e-16,28,0,-255,0,0,0,0,0,0,0,0
120,37,0,0.03809,2.6136,0,273,200.4,144.569,-36.7829,0,1.77636e-16,28,0,47,0,0,0,0,0,0,0,0
121,47,0,0.04157,4.0932,0,298,200.4,144.569,-36.783,0,1.77636e-16,28,0,50,0,0,0,0,0,0,0,0
122,50,0,0.0436,4.662,0,239,200.4,144.569,-36.783,0,1.77636e-16,28,0,47,0,0,0,0,0,0,0,0
123,58,0,0.04742,5.8248,0,213,200.4,144.569,-36.783,0,1.77636e-16,28,0,47,0,0,0,0,0,0,0,0
124,59,0,0.05179,9.5652,0,213,200.4,144.569,-36.783,0,1.77636e-16,28,0,47,0,0,0,0,0,0,0,0
125,63,0,0.05771,13.842,0,207,200.4,144.569,-36.7831,0,1.77636e-16,28,0,47,0,0,0,0,0,0,0,0
126,64,0,0.06408,17.5212,0,207,200.4,144.569,-36.7832,0,1.77636e-16,28,0,47,0,0,0,0,0,0,0,0
127,65,0,0.07157,20.1024,0,195,200.4,144.569,-36.7832,0,1.77636e-16,28,0,49,0,0,0,0,0,0,0,0
128,67,0,0.07777,20.7036,0,189,200.4,144.569,-36.7833,0,1.77636e-16,28,0,49,0,0,0,0,0,0,0,0
129,68,0,0.08442,21.7872,0,189,200.4,144.569,-36.7833,0,1.77636e-16,28,0,49,0,0,0,0,0,0,0,0
130,68,0,0.09185,23.0076,0,168,200.4,144.569,-36.7834,0,1.77636e-16,28,0,48,0,0,0,0,0,0,0,0
131,70,0,0.09892,23.3424,0,124,200.4,144.569,-36.7835,0,1.77636e-16,28,0,47,0,0,0,0,0,0,0,0
132,70,0,0.10539,23.2848,0,124,200.4,144.569,-36.7835,0,1.77636e-16,28,0,49,0,0,0,0,0,0,0,0
133,71,0,0.112,23.3604,0,133,200.4,144.569,-36.7836,0,1.77636e-16,28,0,48,0,0,0,0,0,0,0,0
134,71,0,0.11862,23.4468,0,133,200.4,144.569,-36.7836,0,1.77636e-16,28,0,48,0,0,0,0,0,0,0,0
135,72,0,0.12569,23.9868,0,122,200.4,144.569,-36.7837,0,1.77636e-16,28,0,47,0,0,0,0,0,0,0,0
136,72,0,0.13231,23.58,0,136,200.4,144.569,-36.7838,0,1.77636e-16,28,0,48,0,0,0,0,0,0,0,0
137,72,0,0.13855,23.184,0,136,200.4,144.569,-36.7838,0,1.77636e-16,28,0,48,0,0,0,0,0,0,0,0
138,71,0,0.14574,24.0912,0,139,200.4,144.569,-36.7839,0,1.77636e-16,28,0,48,0,0,0,0,0,0,0,0
139,71,0,0.15238,24.0264,0,136,200.4,144.569,-36.7839,0,1.77636e-16,28,0,50,0,0,0,0,0,0,0,0
140,72,0,0.15947,24.0696,0,142,200.4,144.569,-36.784,0,1.77636e-16,28,0,49,0,0,0,0,0,0,0,0
141,72,0,0.16651,24.1524,0,132,200.4,144.569,-36.7841,0,1.77636e-16,28,0,50,0,0,0,0,0,0,0,0
142,72,0,0.17282,24.0732,0,125,200.4,144.569,-36.7841,0,1.77636e-16,28,0,49,0,0,0,0,0,0,0,0
143,72,0,0.18006,24.894,0,125,200.4,144.569,-36.7842,0,1.77636e-16,28,0,49,0,0,0,0,0,0,0,0
144,72,0,0.18679,24.9444,0,125,200.4,144.569,-36.7842,0,1.77636e-16,28,0,49,0,0,0,0,0,0,0,0
145,72,0,0.19354,24.4332,0,126,200.4,144.569,-36.7843,0,1.77636e-16,28,0,48,0,0,0,0,0,0,0,0
146,72,0,0.20076,24.8256,0,126,200.4,144.569,-36.7843,0,1.77636e-16,28,0,48,0,0,0,0,0,0,0,0
147,71,0,0.20741,24.462,0,145,200.4,144.569,-36.7844,0,1.77636e-16,28,0,47,0,0,0,0,0,0,0,0
148,71,0,0.21387,23.5584,0,145,200.4,144.569,-36.7845,0,1.77636e-16,28,0,47,0,0,0,0,0,0,0,0
149,71,0,0.22037,23.4216,0,166,200.4,144.569,-36.7845,0,1.77636e-16,28,0,48,0,0,0,0,0,0,0,0
150,71,0,0.22719,23.4036,0,154,200.4,144.569,-36.7846,0,1.77636e-16,28,0,48,0,0,0,0,0,0,0,0
151,71,0,0.23408,23.5044,0,147,200.4,144.569,-36.7846,0,1.77636e-16,28,0,48,0,0,0,0,0,0,0,0
152,70,0,0.24115,24.1308,0,153,200.4,144.569,-36.7847,0,1.77636e-16,28,0,48,0,0,0,0,0,0,0,0
153,70,0,0.2473,23.0724,0,150,200.4,144.569,-36.7848,0,1.77636e-16,28,0,48,0,0,0,0,0,0,0,0
154,71,0,0.25393,23.0112,0,151,200.4,144.569,-36.7848,0,1.77636e-16,28,0,47,0,0,0,0,0,0,0,0
155,72,0,0.26035,22.2948,0,151,200.4,144.569,-36.7849,0,1.77636e-16,28,0,47,0,0,0,0,0,0,0,0
156,72,0,0.26702,22.806,0,132,200.4,144.569,-36.7849,0,1.77636e-16,28,0,48,0,0,0,0,0,0,0,0
157,72,0,0.27368,22.8456,0,132,200.4,144.569,-36.785,0,1.77636e-16,28,0,48,0,0,0,0,0,0,0,0
158,72,0,0.28025,22.9716,0,131,200.4,144.569,-36.785,0,1.77636e-16,28,0,48,0,0,0,0,0,0,0,0
159,73,0,0.28692,23.4504,0,131,200.4,144.569,-36.7851,0,1.77636e-16,28,0,48,0,0,0,0,0,0,0,0
160,72,0,0.29296,22.5684,0,124,200.4,144.569,-36.7851,0,1.77636e-16,28,0,47,0,0,0,0,0,0,0,0
161,71,0,0.2992,22.4532,0,129,200.4,144.569,-36.7852,0,1.77636e-16,28,0,47,0,0,0,0,0,0,0,0
162,70,0,0.30527,22.0068,0,115,200.4,144.569,-36.7852,0,1.77636e-16,28,0,47,0,0,0,0,0,0,0,0
163,70,0,0.3122,22.5648,0,115,200.4,144.569,-36.7853,0,1.77636e-16,28,0,47,0,0,0,0,0,0,0,0
164,71,0,0.31893,22.4676,0,115,200.4,144.569,-36.7854,0,1.77636e-16,28,0,47,0,0,0,0,0,0,0,0
165,70,0,0.32517,22.4712,0,120,200.4,144.57,-36.7854,0,1.77636e-16,28,0,48,0,0,0,0,0,0,0,0
166,70,0,0.33149,22.5216,0,127,200.4,144.57,-36.7855,0,1.77636e-16,28,0,49,0,0,0,0,0,0,0,0
167,70,0,0.33814,23.1768,0,133,200.4,144.57,-36.7855,0,1.77636e-16,28,0,48,0,0,0,0,0,0,0,0
168,70,0,0.34406,23.1696,0,133,200.4,144.57,-36.7856,0,1.77636e-16,28,0,48,0,0,0,0,0,0,0,0
169,70,0,0.35023,22.5936,0,133,200.4,144.57,-36.7856,0,1.77636e-16,28,0,48,0,0,0,0,0,0,0,0
170,70,0,0.35659,22.9392,0,146,200.4,144.57,-36.7857,0,1.77636e-16,28,0,48,0,0,0,0,0,0,0,0
171,70,0,0.36281,22.8204,0,146,200.4,144.57,-36.7857,0,1.77636e-16,28,0,48,0,0,0,0,0,0,0,0
172,70,0,0.36933,22.7916,0,142,200.4,144.57,-36.7858,0,1.77636e-16,28,0,48,0,0,0,0,0,0,0,0
173,70,0,0.37599,22.9248,0,135,200.4,144.57,-36.7859,0,1.77636e-16,28,0,48,0,0,0,0,0,0,0,0
174,70,0,0.38315,23.9184,0,133,200.4,144.57,-36.7859,0,1.77636e-16,28,0,48,0,0,0,0,0,0,0,0
175,70,0,0.38981,23.418,0,150,200.4,144.57,-36.786,0,1.77636e-16,28,0,48,0,0,0,0,0,0,0,0
176,71,0,0.39682,23.7168,0,150,200.4,144.57,-36.786,0,1.77636e-16,28,0,48,0,0,0,0,0,0,0,0
177,71,0,0.4043,24.552,0,141,200.4,144.57,-36.7861,0,1.77636e-16,28,0,49,0,0,0,0,0,0,0,0
178,72,0,0.41173,24.6708,0,141,200.4,144.57,-36.7862,0,1.77636e-16,28,0,49,0,0,0,0,0,0,0,0
179,70,0,0.41894,24.6888,0,145,200.4,144.57,-36.7862,0,1.77636e-16,28,0,48,0,0,0,0,0,0,0,0
180,70,0,0.42586,24.0516,0,154,200.4,144.57,-36.7863,0,1.77636e-16,28,0,47,0,0,0,0,0,0,0,0
181,70,0,0.43304,24.12,0,155,200.4,144.57,-36.7863,0,1.77636e-16,28,0,45,0,0,0,0,0,0,0,0
182,70,0,0.44051,24.8256,0,166,200.4,144.57,-36.7864,0,1.77636e-16,28,0,47,0,0,0,0,0,0,0,0
183,71,0,0.4473,24.0984,0,162,200.4,144.57,-36.7865,0,1.77636e-16,28,0,48,0,0,0,0,0,0,0,0
184,70,0,0.45407,23.7888,0,162,200.4,144.57,-36.7865,0,1.77636e-16,28,0,48,0,0,0,0,0,0,0,0
185,70,0,0.46072,23.3424,0,161,200.4,144.57,-36.7866,0,1.77636e-16,28,0,49,0,0,0,0,0,0,0,0
186,70,0,0.46771,23.4468,0,161,200.4,144.57,-36.7866,0,1.77636e-16,28,0,49,0,0,0,0,0,0,0,0
187,70,0,0.4744,23.4828,0,168,200.4,144.57,-36.7867,0,1.77636e-16,28,0,48,0,0,0,0,0,0,0,0
188,71,0,0.48098,22.968,0,168,200.4,144.57,-36.7868,0,1.77636e-16,28,0,48,0,0,0,0,0,0,0,0
189,71,0,0.4876,22.9428,0,165,200.4,144.57,-36.7868,0,1.77636e-16,28,0,48,0,0,0,0,0,0,0,0
190,70,0,0.49443,23.0004,0,171,200.4,144.57,-36.7869,0,1.77636e-16,28,0,49,0,0,0,0,0,0,0,0
191,70,0,0.50108,23.04,0,171,200.4,144.57,-36.7869,0,1.77636e-16,28,0,49,0,0,0,0,0,0,0,0
192,70,0,0.50736,23.0256,0,169,200.4,144.57,-36.787,0,1.77636e-16,28,0,49,0,0,0,0,0,0,0,0
193,70,0,0.51392,23.0328,0,183,200.4,144.57,-36.787,0,1.77636e-16,28,0,50,0,0,0,0,0,0,0,0
194,70,0,0.52101,23.7348,0,183,200.4,144.57,-36.7871,0,1.77636e-16,28,0,50,0,0,0,0,0,0,0,0
195,69,0,0.52723,23.6052,0,192,200.4,144.57,-36.7871,0,1.77636e-16,28,0,51,0,0,0,0,0,0,0,0
196,70,0,0.53387,23.3136,0,192,200.4,144.57,-36.7872,0,1.77636e-16,28,0,51,0,0,0,0,0,0,0,0
197,70,0,0.54013,22.788,0,154,200.4,144.57,-36.7873,0,1.77636e-16,28,0,48,0,0,0,0,0,0,0,0
198,70,0,0.54574,22.2048,0,154,200.4,144.57,-36.7873,0,1.77636e-16,28,0,48,0,0,0,0,0,0,0,0
199,69,0,0.5519,22.6116,0,162,200.4,144.57,-36.7874,0,1.77636e-16,28,0,47,0,0,0,0,0,0,0,0
200,69,0,0.55795,22.6224,0,173,200.4,144.57,-36.7874,0,1.77636e-16,28,0,48,0,0,0,0,0,0,0,0
201,69,0,0.56402,22.7484,0,182,200.4,144.57,-36.7875,0,1.77636e-16,28,0,50,0,0,0,0,0,0,0,0
202,68,0,0.57028,22.842,0,213,200.4,144.57,-36.7875,0,1.77636e-16,28,0,50,0,0,0,0,0,0,0,0
203,68,0,0.57599,22.1688,0,213,200.4,144.57,-36.7876,0,1.77636e-16,28,0,50,0,0,0,0,0,0,0,0
204,67,0,0.58175,21.5532,0,193,200.4,144.57,-36.7876,0,1.77636e-16,28,0,49,0,0,0,0,0,0,0,0
205,67,0,0.58816,22.4136,0,150,200.4,144.57,-36.7877,0,1.77636e-16,28,0,50,0,0,0,0,0,0,0,0
206,67,0,0.59455,22.4604,0,160,200.4,144.57,-36.7877,0,1.77636e-16,28,0,50,0,0,0,0,0,0,0,0
207,67,0,0.60054,22.3164,0,160,200.4,144.57,-36.7878,0,1.77636e-16,28,0,50,0,0,0,0,0,0,0,0
208,67,0,0.60645,21.888,0,179,200.4,144.57,-36.7878,0,1.77636e-16,28,0,48,0,0,0,0,0,0,0,0
209,67,0,0.61233,21.9384,0,179,200.4,144.57,-36.7879,0,1.77636e-16,28,0,48,0,0,0,0,0,0,0,0
210,67,0,0.61818,22.0464,0,166,200.4,144.57,-36.7879,0,1.77636e-16,28,0,47,0,0,0,0,0,0,0,0
211,67,0,0.62387,22.0464,0,166,200.4,144.57,-36.788,0,1.77636e-16,28,0,47,0,0,0,0,0,0,0,0
212,66,0,0.62946,21.5496,0,207,200.4,144.571,-36.788,0,1.77636e-16,28,0,49,0,0,0,0,0,0,0,0
213,66,0,0.63501,21.1644,0,163,200.4,144.571,-36.7881,0,1.77636e-16,28,0,49,0,0,0,0,0,0,0,0
214,66,0,0.64067,21.2472,0,163,200.4,144.571,-36.7881,0,1.77636e-16,28,0,49,0,0,0,0,0,0,0,0
215,66,0,0.64646,21.1608,0,173,200.4,144.571,-36.7882,0,1.77636e-16,28,0,49,0,0,0,0,0,0,0,0
216,66,0,0.652,20.862,0,173,200.4,144.571,-36.7882,0,1.77636e-16,28,0,49,0,0,0,0,0,0,0,0
217,66,0,0.65799,20.9736,0,186,200.4,144.571,-36.7883,0,1.77636e-16,28,0,49,0,0,0,0,0,0,0,0
218,65,0,0.66398,21.0708,0,168,200.4,144.571,-36.7883,0,1.77636e-16,28,0,47,0,0,0,0,0,0,0,0
219,66,0,0.66979,21.6252,0,168,200.4,144.571,-36.7884,0,1.77636e-16,28,0,47,0,0,0,0,0,0,0,0
220,66,0,0.67603,22.7592,0,183,200.4,144.571,-36.7884,0,1.77636e-16,28,0,49,0,0,0,0,0,0,0,0
221,65,0,0.68217,22.7268,0,182,200.4,144.571,-36.7885,0,1.77636e-16,28,0,48,0,0,0,0,0,0,0,0
222,65,0,0.68868,23.0868,0,182,200.4,144.571,-36.7885,0,1.77636e-16,28,0,48,0,0,0,0,0,0,0,0
223,65,0,0.69413,22.0068,0,160,200.4,144.571,-36.7886,0,1.77636e-16,28,0,48,0,0,0,0,0,0,0,0
224,65,0,0.698565,21.8358,0,158,200.4,144.571,-36.7886,0,1.77636e-16,28,0,48,0,0,0,0,0,0,0,0
225,65,0,0.703,21.6648,0,156,200.4,144.571,-36.7887,0,1.77636e-16,28,0,48,0,0,0,0,0,0,0,0
226,65,0,0.70816,20.8332,0,146,200.4,144.571,-36.7887,0,1.77636e-16,28,0,49,0,0,0,0,0,0,0,0
227,65,0,0.71371,20.7612,0,149,200.4,144.571,-36.7888,0,1.77636e-16,28,0,48,0,0,0,0,0,0,0,0
228,65,0,0.71964,21.3408,0,149,200.4,144.571,-36.7888,0,1.77636e-16,28,0,48,0,0,0,0,0,0,0,0
229,64,0,0.72576,21.7512,0,156,200.4,144.571,-36.7889,0,1.77636e-16,28,0,48,0,0,0,0,0,0,0,0
230,64,0,0.73069,20.3976,0,152,200.4,144.571,-36.7889,0,1.77636e-16,28,0,48,0,0,0,0,0,0,0,0
231,64,0,0.73628,20.322,0,152,200.4,144.571,-36.789,0,1.77636e-16,28,0,48,0,0,0,0,0,0,0,0
232,64,0,0.74198,20.466,0,172,200.4,144.571,-36.789,0,1.77636e-16,28,0,49,0,0,0,0,0,0,0,0
233,64,0,0.74844,21.33,0,172,200.4,144.571,-36.7891,0,1.77636e-16,28,0,49,0,0,0,0,0,0,0,0
234,64,0,0.75462,21.7044,0,172,200.4,144.571,-36.7891,0,1.77636e-16,28,0,49,0,0,0,0,0,0,0,0
235,64,0,0.76064,21.8304,0,178,200.4,144.571,-36.7892,0,1.77636e-16,28,0,49,0,0,0,0,0,0,0,0
236,65,0,0.76661,21.8304,0,172,200.4,144.571,-36.7892,0,1.77636e-16,28,0,48,0,0,0,0,0,0,0,0
237,65,0,0.77257,21.8304,0,174,200.4,144.571,-36.7893,0,1.77636e-16,28,0,48,0,0,0,0,0,0,0,0
238,65,0,0.77946,22.536,0,173,200.4,144.571,-36.7893,0,1.77636e-16,28,0,47,0,0,0,0,0,0,0,0
239,65,0,0.78508,21.3732,0,164,200.4,144.571,-36.7894,0,1.77636e-16,28,0,47,0,0,0,0,0,0,0,0
240,66,0,0.79112,21.42,0,164,200.4,144.571,-36.7894,0,1.77636e-16,28,0,47,0,0,0,0,0,0,0,0
241,65,0,0.79762,22.0176,0,161,200.4,144.571,-36.7895,0,1.77636e-16,28,0,47,0,0,0,0,0,0,0,0
242,65,0,0.80378,22.1364,0,161,200.4,144.571,-36.7895,0,1.77636e-16,28,0,47,0,0,0,0,0,0,0,0
243,67,0,0.80925,21.1896,0,163,200.4,144.571,-36.7896,0,1.77636e-16,28,0,49,0,0,0,0,0,0,0,0
244,67,0,0.81439,20.358,0,153,200.4,144.571,-36.7896,0,1.77636e-16,28,0,49,0,0,0,0,0,0,0,0
245,66,0,0.81971,20.268,0,148,200.4,144.571,-36.7897,0,1.77636e-16,28,0,48,0,0,0,0,0,0,0,0
246,66,0,0.82614,21.2544,0,148,200.4,144.571,-36.7897,0,1.77636e-16,28,0,48,0,0,0,0,0,0,0,0
247,66,0,0.83222,21.3624,0,147,200.4,144.571,-36.7898,0,1.77636e-16,28,0,46,0,0,0,0,0,0,0,0
248,66,0,0.8388,21.9492,0,160,200.4,144.571,-36.7898,0,1.77636e-16,28,0,46,0,0,0,0,0,0,0,0
249,66,0,0.84478,21.546,0,155,200.4,144.571,-36.7899,0,1.77636e-16,28,0,48,0,0,0,0,0,0,0,0
250,66,0,0.85124,21.9132,0,149,200.4,144.571,-36.7899,0,1.77636e-16,28,0,47,0,0,0,0,0,0,0,0
251,66,0,0.85767,22.3344,0,142,200.4,144.571,-36.79,0,1.77636e-16,28,0,46,0,0,0,0,0,0,0,0
252,67,0,0.86335,21.7368,0,139,200.4,144.571,-36.7901,0,1.77636e-16,28,0,46,0,0,0,0,0,0,0,0
253,67,0,0.86947,21.7728,0,140,200.4,144.571,-36.7901,0,1.77636e-16,28,0,47,0,0,0,0,0,0,0,0
254,67,0,0.87582,22.1904,0,140,200.4,144.571,-36.7902,0,1.77636e-16,28,0,47,0,0,0,0,0,0,0,0
255,67,0,0.88161,21.5208,0,143,200.4,144.571,-36.7902,0,1.77636e-16,28,0,48,0,0,0,0,0,0,0,0
256,67,0,0.88796,21.9312,0,143,200.4,144.571,-36.7903,0,1.77636e-16,28,0,48,0,0,0,0,0,0,0,0
257,66,0,0.89409,22.0536,0,147,200.4,144.571,-36.7903,0,1.77636e-16,28,0,46,0,0,0,0,0,0,0,0
258,66,0,0.90006,22.0968,0,156,200.4,144.571,-36.7904,0,1.77636e-16,28,0,47,0,0,0,0,0,0,0,0
259,65,0,0.90644,22.212,0,163,200.4,144.571,-36.7904,0,1.77636e-16,28,0,47,0,0,0,0,0,0,0,0
260,65,0,0.91268,22.32,0,153,200.4,144.571,-36.7905,0,1.77636e-16,28,0,49,0,0,0,0,0,0,0,0
261,64,0,0.91908,22.6584,0,146,200.4,144.571,-36.7905,0,1.77636e-16,28,0,48,0,0,0,0,0,0,0,0
262,64,0,0.92512,22.302,0,160,200.4,144.571,-36.7906,0,1.77636e-16,28,0,48,0,0,0,0,0,0,0,0
263,64,0,0.93034,21.4416,0,160,200.4,144.572,-36.7906,0,1.77636e-16,28,0,48,0,0,0,0,0,0,0,0
264,64,0,0.93576,20.5704,0,172,200.4,144.572,-36.7907,0,1.77636e-16,28,0,48,0,0,0,0,0,0,0,0
265,64,0,0.94116,20.4516,0,162,200.4,144.572,-36.7907,0,1.77636e-16,28,0,48,0,0,0,0,0,0,0,0
266,64,0,0.9471,20.7684,0,162,200.4,144.572,-36.7908,0,1.77636e-16,28,0,48,0,0,0,0,0,0,0,0
267,63,0,0.95286,20.4552,0,170,200.4,144.572,-36.7908,0,1.77636e-16,28,0,47,0,0,0,0,0,0,0,0
268,63,0,0.95846,20.3652,0,169,200.4,144.572,-36.7909,0,1.77636e-16,28,0,48,0,0,0,0,0,0,0,0
269,62,0,0.96417,20.466,0,159,200.4,144.572,-36.7909,0,1.77636e-16,28,0,48,0,0,0,0,0,0,0,0
270,62,0,0.96985,20.7864,0,149,200.4,144.572,-36.791,0,1.77636e-16,28,0,48,0,0,0,0,0,0,0,0
271,62,0,0.97563,20.736,0,135,200.4,144.572,-36.791,0,1.77636e-16,28,0,48,0,0,0,0,0,0,0,0
272,62,0,0.98092,20.1456,0,130,200.4,144.572,-36.7911,0,1.77636e-16,28,0,46,0,0,0,0,0,0,0,0
273,61,0,0.9867,20.5956,0,160,200.4,144.572,-36.7911,0,1.77636e-16,28,0,45,0,0,0,0,0,0,0,0
274,60,0,0.99188,19.7532,0,160,200.8,144.572,-36.7912,0,0.772201,28,0,45,0,0,0,0,0,0,0,0
275,59,0,0.99683,19.0044,0,213,201.2,144.572,-36.7912,0,1.58028,28,0,50,0,0,0,0,0,0,0,0
276,59,0,1.0015,18.2412,0,194,201.6,144.572,-36.7912,0,2.43681,28,0,50,0,0,0,0,0,0,0,0
277,59,0,1.00725,18.6372,0,194,202,144.572,-36.7913,0,3.13246,28,0,50,0,0,0,0,0,0,0,0
278,59,0,1.01326,19.7316,0,180,202.4,144.572,-36.7913,0,3.79802,28,0,50,0,0,0,0,0,0,0,0
279,59,0,1.01893,19.6812,0,180,202.4,144.572,-36.7914,0,3.79802,28,0,50,0,0,0,0,0,0,0,0
280,58,0,1.02529,20.6496,0,188,202.4,144.572,-36.7914,0,3.79802,28,0,50,0,0,0,0,0,0,0,0
281,58,0,1.03123,20.7648,0,198,202.4,144.572,-36.7915,0,3.79802,28,0,49,0,0,0,0,0,0,0,0
282,59,0,1.03667,20.6964,0,183,202.4,144.572,-36.7915,0,3.79802,28,0,50,0,0,0,0,0,0,0,0
283,59,0,1.04214,20.358,0,165,202.4,144.572,-36.7916,0,3.79802,28,0,48,0,0,0,0,0,0,0,0
284,59,0,1.0478,20.322,0,153,202.4,144.572,-36.7916,0,3.02582,28,0,48,0,0,0,0,0,0,0,0
285,59,0,1.05287,20.4012,0,152,202.4,144.572,-36.7917,0,2.21774,28,0,47,0,0,0,0,0,0,0,0
286,59,0,1.05803,20.2824,0,144,202.4,144.572,-36.7917,0,1.36121,28,0,47,0,0,0,0,0,0,0,0
287,59,0,1.06295,19.6164,0,144,202.4,144.572,-36.7918,0,0.665557,28,0,47,0,0,0,0,0,0,0,0
288,59,0,1.06791,19.2492,0,151,202.4,144.572,-36.7918,0,0,28,0,47,0,0,0,0,0,0,0,0
289,58,0,1.07288,19.1088,0,147,202.4,144.572,-36.7919,0,0,28,0,48,0,0,0,0,0,0,0,0
290,58,0,1.07752,18.5256,0,136,202.4,144.572,-36.7919,0,0,28,0,46,0,0,0,0,0,0,0,0
291,58,0,1.08215,17.9568,0,148,202.4,144.572,-36.7919,0,0,28,0,48,0,0,0,0,0,0,0,0
292,58,0,1.08711,17.9424,0,148,202.4,144.572,-36.792,0,0,28,0,48,0,0,0,0,0,0,0,0
293,57,0,1.09257,18.5436,0,159,202.4,144.572,-36.792,0,0,28,0,49,0,0,0,0,0,0,0,0
294,57,0,1.09791,18.8424,0,152,202.4,144.572,-36.7921,0,0,28,0,48,0,0,0,0,0,0,0,0
295,57,0,1.10367,19.404,0,144,202.4,144.572,-36.7921,0,0,28,0,48,0,0,0,0,0,0,0,0
296,57,0,1.10855,18.9504,0,144,202.4,144.572,-36.7922,0,0,28,0,48,0,0,0,0,0,0,0,0
297,57,0,1.11401,19.0944,0,166,202.4,144.572,-36.7922,0,0,28,0,47,0,0,0,0,0,0,0,0
298,57,0,1.11805,18.288,0,160,202.4,144.572,-36.7922,0,0,28,0,47,0,0,0,0,0,0,0,0
299,57,0,1.1234,18.2988,0,146,202.4,144.572,-36.7923,0,0,28,0,46,0,0,0,0,0,0,0,0
300,57,0,1.12879,18.3384,0,112,202.4,144.572,-36.7923,0,0,28,0,51,0,0,0,0,0,0,0,0
301,57,0,1.13157,15.948,0,42,202.4,144.572,-36.7923,0,0,28,0,51,0,0,0,0,0,0,0,0
302,14,0,1.13157,10.1844,0,0,202.4,144.572,-36.7923,0,0,28,0,51,0,0,0,0,0,0,0,0
303,0,0,1.13202,7.2288,0,0,202.4,144.572,-36.7923,0,0,28,0,51,0,0,0,0,0,0,0,0
304,0,0,1.13291,5.9328,0,0,202.4,144.572,-36.7923,0,0,28,0,51,0,0,0,0,0,0,0,0
305,0,0,1.13291,3.5208,0,0,202.4,144.572,-36.7923,0,0,28,0,51,0,0,0,0,0,0,0,0
306,0,0,1.13291,0,0,0,202.4,144.572,-36.7923,0,0,28,0,51,0,0,0,0,0,0,0,0
307,0,0,1.13291,0,0,0,202.4,144.572,-36.7923,0,0,28,0,51,0,0,0,0,0,0,0,0
308,0,0,1.13291,0,0,0,202.4,144.572,-36.7923,0,0,28,0,51,0,0,0,0,0,0,0,0
309,0,0,1.13316,0,0,0,202.4,144.572,-36.7923,0,0,28,0,51,0,0,0,0,0,0,0,0
310,0,0,1.13344,0,0,0,202.4,144.572,-36.7923,0,0,28,0,51,0,0,0,0,0,0,0,0
311,0,0,1.13348,0,0,0,202.4,144.572,-36.7923,0,0,28,0,51,0,0,0,0,0,0,0,0
312,0,0,1.13353,0,0,0,202.4,144.572,-36.7923,0,0,28,0,51,0,0,0,0,0,0,0,0
313,0,0,1.13366,0,0,0,202.4,144.572,-36.7923,0,0,28,0,51,0,0,0,0,0,0,0,0
314,0,0,1.13397,0,0,0,202.4,144.572,-36.7923,0,0,28,0,51,0,0,0,0,0,0,0,0
315,0,0,1.1343,0,0,0,202.4,144.572,-36.7923,0,0,28,0,51,0,0,0,0,0,0,0,0
316,0,0,1.13477,0,0,0,202.4,144.572,-36.7923,0,0,28,0,51,0,0,0,0,0,0,0,0
317,0,0,1.13546,1.6632,0,0,202.4,144.572,-36.7923,0,0,28,0,51,0,0,0,0,0,0,0,0
318,0,0,1.1359,0,0,0,202.4,144.572,-36.7923,0,0,28,0,51,0,0,0,0,0,0,0,0
319,0,0,1.13616,0,0,0,202.4,144.572,-36.7923,0,0,28,0,51,0,0,0,0,0,0,0,0
320,0,0,1.13634,0,0,0,202.4,144.572,-36.7923,0,0,28,0,51,0,0,0,0,0,0,0,0
321,0,0,1.13655,0,0,0,202.4,144.572,-36.7923,0,0,28,0,51,0,0,0,0,0,0,0,0
322,0,0,1.13675,0,0,0,202.4,144.572,-36.7923,0,0,28,0,51,0,0,0,0,0,0,0,0
323,0,0,1.13717,1.7856,0,0,202.4,144.572,-36.7923,0,0,28,0,51,0,0,0,0,0,0,0,0
324,0,0,1.1374,0,0,0,202.4,144.572,-36.7923,0,0,28,0,51,0,0,0,0,0,0,0,0
325,0,0,1.13766,0,0,0,202.4,144.572,-36.7923,0,0,28,0,51,0,0,0,0,0,0,0,0
326,0,0,1.13797,0,0,0,202.4,144.572,-36.7923,0,0,28,0,51,0,0,0,0,0,0,0,0
327,0,0,1.13815,0,0,0,202.4,144.572,-36.7923,0,0,28,0,51,0,0,0,0,0,0,0,0
328,0,0,1.1382,0,0,0,202.4,144.572,-36.7923,0,0,28,0,51,0,0,0,0,0,0,0,0
329,0,0,1.1382,0,0,0,202.4,144.572,-36.7923,0,0,28,0,51,0,0,0,0,0,0,0,0
330,0,0,1.13844,0,0,0,202.4,144.572,-36.7923,0,0,28,0,51,0,0,0,0,0,0,0,0
331,0,0,1.13862,0,0,0,202.4,144.572,-36.7923,0,0,28,0,51,0,0,0,0,0,0,0,0
332,0,0,1.1388,0,0,0,202.4,144.572,-36.7923,0,0,28,0,51,0,0,0,0,0,0,0,0
333,0,0,1.13881,0,0,0,202.4,144.572,-36.7923,0,0,28,0,51,0,0,0,0,0,0,0,0
334,0,0,1.13881,0,0,0,202.4,144.572,-36.7923,0,0,28,0,51,0,0,0,0,0,0,0,0
335,0,0,1.13881,0,0,0,202.4,144.572,-36.7923,0,0,28,0,51,0,0,0,0,0,0,0,0
336,0,0,1.13881,0,0,0,202.4,144.572,-36.7923,0,0,28,0,51,0,0,0,0,0,0,0,0
337,0,0,1.13881,0,0,0,202.4,144.572,-36.7923,0,0,28,0,51,0,0,0,0,0,0,0,0
338,0,0,1.13896,0,0,0,202.4,144.572,-36.7923,0,0,28,0,51,0,0,0,0,0,0,0,0
339,0,0,1.13896,1.6092,0,0,202.4,144.572,-36.7923,0,0,28,0,51,0,0,0,0,0,0,0,0
340,0,0,1.13896,1.6596,0,0,202.4,144.572,-36.7923,0,0,28,0,51,0,0,0,0,0,0,0,0
341,0,0,1.13896,0,0,0,202.4,144.572,-36.7923,0,0,28,0,51,0,0,0,0,0,0,0,0
342,0,0,1.13914,0,0,0,202.4,144.572,-36.7923,0,0,28,0,51,0,0,0,0,0,0,0,0
343,0,0,1.13914,0,0,0,202.4,144.572,-36.7923,0,0,28,0,51,0,0,0,0,0,0,0,0
344,0,0,1.13914,0,0,0,202.4,144.572,-36.7923,0,0,28,0,51,0,0,0,0,0,0,0,0
345,0,0,1.13956,1.6668,0,0,202.4,144.572,-36.7923,0,0,28,0,51,0,0,0,0,0,0,0,0
346,0,0,1.13956,2.2608,0,0,202.4,144.572,-36.7923,0,0,28,0,51,0,0,0,0,0,0,0,0
347,0,0,1.13956,1.8972,0,0,202.4,144.572,-36.7923,0,0,28,0,51,0,0,0,0,0,0,0,0
348,0,0,1.13956,0,0,0,202.4,144.572,-36.7923,0,0,28,0,51,0,0,0,0,0,0,0,0
349,0,0,1.13958,0,0,0,202.4,144.572,-36.7923,0,0,28,0,51,0,0,0,0,0,0,0,0
350,0,0,1.13958,0,0,0,202.4,144.572,-36.7923,0,0,28,0,51,0,0,0,0,0,0,0,0
351,0,0,1.13958,0,0,0,202.4,144.572,-36.7923,0,0,28,0,51,0,0,0,0,0,0,0,0
352,0,0,1.13958,0,0,0,202.4,144.572,-36.7923,0,0,28,0,51,0,0,0,0,0,0,0,0
353,0,0,1.13958,0,0,0,202.4,144.572,-36.7923,0,0,28,0,51,0,0,0,0,0,0,0,0
354,0,0,1.13958,0,0,0,202.4,144.572,-36.7923,0,0,28,0,51,0,0,0,0,0,0,0,0
355,0,0,1.13958,0,0,0,202.4,144.572,-36.7923,0,0,28,0,51,0,0,0,0,0,0,0,0
356,0,0,1.13965,0,0,0,202.4,144.572,-36.7923,0,0,28,0,51,0,0,0,0,0,0,0,0
357,0,0,1.1397,0,0,0,202.4,144.572,-36.7923,0,0,28,0,51,0,0,0,0,0,0,0,0
358,0,0,1.1397,0,0,0,202.4,144.572,-36.7923,0,0,28,0,51,0,0,0,0,0,0,0,0
359,0,0,1.13977,0,0,0,202.4,144.572,-36.7923,0,0,28,0,51,0,0,0,0,0,0,0,0
360,0,0,1.13985,0,0,0,202.4,144.572,-36.7923,0,0,28,0,51,0,0,0,0,0,0,0,0
361,0,0,1.14045,2.52,0,0,202.4,144.572,-36.7923,0,0,28,0,51,0,0,0,0,0,0,0,0
362,0,0,1.14123,3.078,0,0,202.4,144.572,-36.7923,0,0,28,0,51,0,0,0,0,0,0,0,0
363,0,0,1.14175,2.5776,0,0,202.4,144.572,-36.7923,0,0,28,0,51,0,0,0,0,0,0,0,0
364,0,0,1.14197,1.6632,0,0,202.4,144.572,-36.7923,0,0,28,0,51,0,0,0,0,0,0,0,0
365,0,0,1.14238,1.9476,0,0,202.4,144.572,-36.7924,0,0,28,0,51,0,0,0,0,0,0,0,0
366,0,0,1.14277,1.8396,0,0,202.4,144.572,-36.7924,0,0,28,0,51,0,0,0,0,0,0,0,0
367,0,0,1.14306,0,0,0,202.4,144.572,-36.7924,0,0,28,0,51,0,0,0,0,0,0,0,0
368,0,0,1.14353,1.7496,0,0,202.4,144.572,-36.7924,0,0,28,0,51,0,0,0,0,0,0,0,0
369,0,0,1.14389,0,0,0,202.4,144.572,-36.7924,0,0,28,0,51,0,0,0,0,0,0,0,0
370,0,0,1.14421,0,0,0,202.4,144.572,-36.7924,0,0,28,0,51,0,0,0,0,0,0,0,0
371,0,0,1.14427,0,0,0,202.4,144.572,-36.7924,0,0,28,0,51,0,0,0,0,0,0,0,0
372,0,0,1.14454,0,0,0,202.4,144.572,-36.7924,0,0,28,0,51,0,0,0,0,0,0,0,0
373,0,0,1.14466,0,0,0,202.4,144.572,-36.7924,0,0,28,0,51,0,0,0,0,0,0,0,0
374,0,0,1.14476,2.0772,0,0,202.4,144.572,-36.7924,0,0,28,0,51,0,0,0,0,0,0,0,0
375,0,0,1.1448,1.9008,0,0,202.4,144.572,-36.7924,0,0,28,0,51,0,0,0,0,0,0,0,0
376,0,0,1.1448,0,0,0,202.4,144.572,-36.7924,0,0,28,0,51,0,0,0,0,0,0,0,0
377,0,0,1.14505,0,0,0,202.4,144.572,-36.7924,0,0,28,0,51,0,0,0,0,0,0,0,0
378,0,0,1.14553,1.872,0,0,202.4,144.572,-36.7924,0,0,28,0,51,0,0,0,0,0,0,0,0
379,0,0,1.14605,2.0628,0,0,202.4,144.572,-36.7924,0,0,28,0,51,0,0,0,0,0,0,0,0
380,0,0,1.14639,0,0,0,202.4,144.572,-36.7924,0,0,28,0,51,0,0,0,0,0,0,0,0
381,0,0,1.14683,0,0,0,202.4,144.572,-36.7924,0,0,28,0,51,0,0,0,0,0,0,0,0
382,0,0,1.14713,0,0,0,202.4,144.572,-36.7924,0,0,28,0,51,0,0,0,0,0,0,0,0
383,0,0,1.14746,0,0,0,202.4,144.572,-36.7924,0,0,28,0,51,0,0,0,0,0,0,0,0
384,0,0,1.1478,0,0,0,202.4,144.572,-36.7924,0,0,28,0,51,0,0,0,0,0,0,0,0
385,0,0,1.14811,0,0,0,202.4,144.572,-36.7924,0,0,28,0,51,0,0,0,0,0,0,0,0
386,0,0,1.14841,0,0,0,202.4,144.572,-36.7924,0,0,28,0,51,0,0,0,0,0,0,0,0
387,0,0,1.14862,0,0,0,202.4,144.572,-36.7924,0,0,28,0,51,0,0,0,0,0,0,0,0
388,0,0,1.14864,0,0,0,202.4,144.572,-36.7924,0,0,28,0,51,0,0,0,0,0,0,0,0
389,0,0,1.14885,0,0,0,202.4,144.572,-36.7924,0,0,28,0,51,0,0,0,0,0,0,0,0
390,0,0,1.14908,0,0,0,202.4,144.572,-36.7924,0,0,28,0,51,0,0,0,0,0,0,0,0
391,0,0,1.14908,0,0,0,202.4,144.572,-36.7924,0,0,28,0,51,0,0,0,0,0,0,0,0
392,0,0,1.14908,0,0,0,202.4,144.572,-36.7924,0,0,28,0,51,0,0,0,0,0,0,0,0
393,0,0,1.14911,0,0,0,202.4,144.572,-36.7924,0,0,28,0,51,0,0,0,0,0,0,0,0
394,0,0,1.14916,0,0,0,202.4,144.572,-36.7924,0,0,28,0,51,0,0,0,0,0,0,0,0
395,0,0,1.14927,0,0,0,202.4,144.572,-36.7924,0,0,28,0,51,0,0,0,0,0,0,0,0
396,0,0,1.14945,0,0,0,202.4,144.572,-36.7924,0,0,28,0,51,0,0,0,0,0,0,0,0
397,0,0,1.14963,0,0,0,202.4,144.572,-36.7924,0,0,28,0,51,0,0,0,0,0,0,0,0
398,0,0,1.14986,0,0,0,202.4,144.572,-36.7924,0,0,28,0,51,0,0,0,0,0,0,0,0
399,0,0,1.15014,0,0,0,202.4,144.572,-36.7924,0,0,28,0,51,0,0,0,0,0,0,0,0
400,0,0,1.15029,0,0,0,202.4,144.572,-36.7924,0,0,28,0,51,0,0,0,0,0,0,0,0
401,0,0,1.15039,0,0,0,202.4,144.572,-36.7924,0,0,28,0,51,0,0,0,0,0,0,0,0
402,0,0,1.15047,0,0,0,202.4,144.572,-36.7924,0,0,28,0,51,0,0,0,0,0,0,0,0
403,0,0,1.15051,0,0,0,202.4,144.572,-36.7924,0,0,28,0,51,0,0,0,0,0,0,0,0
404,0,0,1.15051,0,0,0,202.4,144.572,-36.7924,0,0,28,0,51,0,0,0,0,0,0,0,0
405,0,0,1.15051,0,0,0,202.4,144.572,-36.7924,0,0,28,0,51,0,0,0,0,0,0,0,0
406,0,0,1.15051,0,0,0,202.4,144.572,-36.7924,0,0,28,0,51,0,0,0,0,0,0,0,0
407,0,0,1.15051,0,0,0,202.4,144.572,-36.7924,0,0,28,0,51,0,0,0,0,0,0,0,0
408,0,0,1.15051,0,0,0,202.4,144.572,-36.7924,0,0,28,0,51,0,0,0,0,0,0,0,0
409,0,0,1.15051,0,0,0,202.4,144.572,-36.7924,0,0,28,0,51,0,0,0,0,0,0,0,0
410,0,0,1.15071,0,0,0,202.4,144.572,-36.7924,0,0,28,0,51,0,0,0,0,0,0,0,0
411,0,0,1.15084,1.6488,0,0,202.4,144.572,-36.7924,0,0,28,0,51,0,0,0,0,0,0,0,0
412,0,0,1.15084,0,0,0,202.4,144.572,-36.7924,0,0,28,0,51,0,0,0,0,0,0,0,0
413,0,0,1.15084,0,0,0,202.4,144.572,-36.7924,0,0,28,0,51,0,0,0,0,0,0,0,0
414,0,0,1.15084,0,0,0,202.4,144.572,-36.7924,0,0,28,0,51,0,0,0,0,0,0,0,0
415,0,0,1.15084,0,0,0,202.4,144.572,-36.7924,0,0,28,0,51,0,0,0,0,0,0,0,0
416,0,0,1.15084,0,0,0,202.4,144.572,-36.7924,0,0,28,0,51,0,0,0,0,0,0,0,0
417,0,0,1.15087,0,0,0,202.4,144.572,-36.7924,0,0,28,0,51,0,0,0,0,0,0,0,0
418,0,0,1.15087,0,0,0,202.4,144.572,-36.7924,0,0,28,0,51,0,0,0,0,0,0,0,0
419,0,0,1.1509,0,0,0,202.4,144.572,-36.7924,0,0,28,0,51,0,0,0,0,0,0,0,0
420,0,0,1.15091,0,0,0,202.4,144.572,-36.7924,0,0,28,0,51,0,0,0,0,0,0,0,0
421,0,0,1.15124,0,0,0,202.4,144.572,-36.7924,0,0,28,0,51,0,0,0,0,0,0,0,0
422,0,0,1.15124,1.9332,0,0,202.4,144.572,-36.7924,0,0,28,0,51,0,0,0,0,0,0,0,0
423,0,0,1.15124,0,0,0,202.4,144.572,-36.7924,0,0,28,0,51,0,0,0,0,0,0,0,0
424,0,0,1.15124,0,0,0,202.4,144.572,-36.7924,0,0,28,0,51,0,0,0,0,0,0,0,0
425,0,0,1.15124,0,0,0,202.4,144.572,-36.7924,0,0,28,0,-255,0,0,0,0,0,0,0,0
426,0,0,1.15124,0,0,0,202.4,144.572,-36.7924,0,0,28,0,-255,0,0,0,0,0,0,0,0
427,0,0,1.15125,0,0,0,202.4,144.572,-36.7924,0,0,28,0,-255,0,0,0,0,0,0,0,0
428,0,0,1.15125,0,0,0,202.4,144.572,-36.7924,0,0,28,0,-255,0,0,0,0,0,0,0,0
429,0,0,1.15128,0,0,0,202.4,144.572,-36.7924,0,0,28,0,-255,0,0,0,0,0,0,0,0
430,0,0,1.15131,1.8396,0,0,202.4,144.572,-36.7924,0,0,28,0,-255,0,0,0,0,0,0,0,0
431,0,0,1.15131,3.8808,0,0,202.4,144.572,-36.7924,0,0,28,0,-255,0,0,0,0,0,0,0,0
432,0,0,1.15666,6.678,0,0,202.4,144.572,-36.7924,0,0,28,0,-255,0,0,0,0,0,0,0,0
433,0,0,1.16088,9.5148,0,0,202.4,144.572,-36.7924,0,0,28,0,-255,0,0,0,0,0,0,0,0
434,0,0,1.16583,12.294,0,0,202.4,144.572,-36.7923,0,0,28,0,-255,0,0,0,0,0,0,0,0
435,14,0,1.171,14.8068,0,0,202.4,144.572,-36.7923,0,0,28,0,-255,0,0,0,0,0,0,0,0
436,57,0,1.17679,16.9596,0,0,202.4,144.572,-36.7922,0,0,28,0,-255,0,0,0,0,0,0,0,0
437,62,0,1.18298,19.1052,0,0,202.4,144.572,-36.7922,0,0,28,0,-255,0,0,0,0,0,0,0,0
438,67,0,1.18915,20.1564,0,0,202.4,144.572,-36.7921,0,0,28,0,-255,0,0,0,0,0,0,0,0
439,68,0,1.19542,20.8368,0,0,202.4,144.572,-36.7921,0,0,28,0,-255,0,0,0,0,0,0,0,0
440,69,0,1.20165,21.3912,0,0,202.4,144.572,-36.792,0,0,28,0,-255,0,0,0,0,0,0,0,0
441,73,0,1.20816,22.2516,0,181,202.4,144.572,-36.792,0,0,28,0,46,0,0,0,0,0,0,0,0
442,73,0,1.21528,23.454,0,203,202.4,144.572,-36.7919,0,0,28,0,48,0,0,0,0,0,0,0,0
443,74,0,1.22235,24.2424,0,206,202.4,144.572,-36.7918,0,0,28,0,48,0,0,0,0,0,0,0,0
444,74,0,1.22937,24.2064,0,206,202.4,144.572,-36.7918,0,0,28,0,48,0,0,0,0,0,0,0,0
445,77,0,1.23651,24.5412,0,192,202.4,144.572,-36.7917,0,0,28,0,48,0,0,0,0,0,0,0,0
446,77,0,1.24354,24.66,0,187,202.4,144.572,-36.7916,0,0,28,0,47,0,0,0,0,0,0,0,0
447,77,0,1.25146,24.75,0,176,202.4,144.572,-36.7916,0,0,28,0,47,0,0,0,0,0,0,0,0
448,78,0,1.25851,24.8616,0,172,202.4,144.572,-36.7915,0,0,28,0,47,0,0,0,0,0,0,0,0
449,78,0,1.26556,24.8004,0,163,202.4,144.572,-36.7915,0,0,28,0,48,0,0,0,0,0,0,0,0
450,79,0,1.27322,25.1928,0,168,202.4,144.572,-36.7914,0,0,28,0,47,0,0,0,0,0,0,0,0
451,80,0,1.28148,25.6356,0,177,202.4,144.572,-36.7913,0,0,28,0,47,0,0,0,0,0,0,0,0
452,80,0,1.28916,25.6428,0,183,202.4,144.572,-36.7913,0,0,28,0,47,0,0,0,0,0,0,0,0
453,81,0,1.29713,25.9812,0,219,202.4,144.572,-36.7912,0,0,28,0,47,0,0,0,0,0,0,0,0
454,82,0,1.30543,26.7732,0,229,202.4,144.572,-36.7911,0,0,28,0,46,0,0,0,0,0,0,0,0
455,84,0,1.31326,26.6724,0,207,202.4,144.572,-36.7911,0,0,28,0,46,0,0,0,0,0,0,0,0
456,85,0,1.32144,26.7588,0,216,202.4,144.572,-36.791,0,0,28,0,45,0,0,0,0,0,0,0,0
457,86,0,1.32961,27.1548,0,216,202.4,144.572,-36.7909,0,0,28,0,45,0,0,0,0,0,0,0,0
458,87,0,1.33749,27.6372,0,213,202.4,144.572,-36.7908,0,0,28,0,46,0,0,0,0,0,0,0,0
459,89,0,1.34647,28.278,0,173,202.4,144.572,-36.7908,0,0,28,0,46,0,0,0,0,0,0,0,0
460,89,0,1.35725,28.8108,0,174,202.4,144.572,-36.7907,0,0,28,0,48,0,0,0,0,0,0,0,0
461,91,0,1.36757,29.4048,0,169,202.4,144.571,-36.7906,0,0,28,0,46,0,0,0,0,0,0,0,0
462,91,0,1.37587,29.0664,0,160,202.4,144.571,-36.7905,0,0,28,0,47,0,0,0,0,0,0,0,0
463,91,0,1.384,28.9908,0,149,202.4,144.571,-36.7904,0,0,28,0,45,0,0,0,0,0,0,0,0
464,92,0,1.39236,28.9692,0,151,202.4,144.571,-36.7904,0,0,28,0,45,0,0,0,0,0,0,0,0
465,91,0,1.40056,28.548,0,172,202.4,144.571,-36.7903,0,0,28,0,45,0,0,0,0,0,0,0,0
466,92,0,1.40823,27.8316,0,187,202.4,144.571,-36.7902,0,0,28,0,44,0,0,0,0,0,0,0,0
467,92,0,1.41631,27.486,0,187,202.4,144.571,-36.7902,0,0,28,0,44,0,0,0,0,0,0,0,0
468,82,0,1.42409,27.9864,0,214,202.4,144.571,-36.7901,0,0,28,0,47,0,0,0,0,0,0,0,0
469,75,0,1.43242,28.692,0,191,202.4,144.571,-36.79,0,0,28,0,47,0,0,0,0,0,0,0,0
470,72,0,1.44041,28.314,0,183,202.4,144.571,-36.79,0,0,28,0,48,0,0,0,0,0,0,0,0
471,72,0,1.44874,28.3896,0,174,202.4,144.571,-36.7899,0,0,28,0,49,0,0,0,0,0,0,0,0
472,72,0,1.45761,28.9116,0,192,202.4,144.571,-36.7898,0,0,28,0,47,0,0,0,0,0,0,0,0
473,73,0,1.46617,28.9224,0,198,202.4,144.571,-36.7897,0,0,28,0,48,0,0,0,0,0,0,0,0
474,73,0,1.4739,28.9152,0,203,202.4,144.571,-36.7897,0,0,28,0,48,0,0,0,0,0,0,0,0
475,73,0,1.48306,28.8864,0,203,202.4,144.571,-36.7896,0,0,28,0,48,0,0,0,0,0,0,0,0
476,74,0,1.49146,28.0188,0,191,202.4,144.571,-36.7895,0,0,28,0,48,0,0,0,0,0,0,0,0
477,73,0,1.49998,27.9252,0,196,202.4,144.571,-36.7895,0,0,28,0,49,0,0,0,0,0,0,0,0
478,74,0,1.50889,28.3788,0,189,202.4,144.571,-36.7894,0,0,28,0,47,0,0,0,0,0,0,0,0
479,73,0,1.5184,29.682,0,203,202.4,144.571,-36.7893,0,0,28,0,48,0,0,0,0,0,0,0,0
480,73,0,1.52778,29.7252,0,199,202.4,144.571,-36.7892,0,0,28,0,49,0,0,0,0,0,0,0,0
481,73,0,1.53664,30.4956,0,192,202.4,144.571,-36.7891,0,0,28,0,47,0,0,0,0,0,0,0,0
482,73,0,1.54572,31.4172,0,181,202.4,144.571,-36.7891,0,0,28,0,49,0,0,0,0,0,0,0,0
483,73,0,1.5548,31.392,0,186,202.4,144.571,-36.789,0,0,28,0,48,0,0,0,0,0,0,0,0
484,74,0,1.56268,30.2472,0,195,202.4,144.571,-36.7889,0,0,28,0,49,0,0,0,0,0,0,0,0
485,74,0,1.57111,30.2256,0,195,202.4,144.571,-36.7888,0,0,28,0,49,0,0,0,0,0,0,0,0
486,74,0,1.5797,29.9124,0,201,202.4,144.571,-36.7888,0,0,28,0,47,0,0,0,0,0,0,0,0
487,73,0,1.5888,29.952,0,174,202.4,144.571,-36.7887,0,0,28,0,48,0,0,0,0,0,0,0,0
488,73,0,1.59781,30.006,0,174,202.4,144.571,-36.7886,0,0,28,0,48,0,0,0,0,0,0,0,0
489,74,0,1.60731,30.6288,0,178,202.4,144.571,-36.7885,0,0,28,0,48,0,0,0,0,0,0,0,0
490,74,0,1.61667,30.7044,0,182,202.4,144.571,-36.7884,0,0,28,0,47,0,0,0,0,0,0,0,0
491,74,0,1.62537,30.7872,0,180,202.4,144.571,-36.7884,0,0,28,0,48,0,0,0,0,0,0,0,0
492,72,0,1.63402,30.3228,0,177,202.4,144.571,-36.7883,0,0,28,0,48,0,0,0,0,0,0,0,0
493,72,0,1.64238,29.7828,0,187,202.4,144.571,-36.7882,0,0,28,0,49,0,0,0,0,0,0,0,0
494,74,0,1.65101,29.4552,0,183,202.4,144.571,-36.7881,0,0,28,0,48,0,0,0,0,0,0,0,0
495,74,0,1.6596,29.484,0,182,202.4,144.571,-36.7881,0,0,28,0,48,0,0,0,0,0,0,0,0
496,74,0,1.66822,29.7828,0,168,202.4,144.571,-36.788,0,0,28,0,47,0,0,0,0,0,0,0,0
497,74,0,1.67724,30.2112,0,153,202.4,144.57,-36.7879,0,0,28,0,46,0,0,0,0,0,0,0,0
498,74,0,1.68668,30.762,0,178,202.4,144.57,-36.7878,0,0,28,0,46,0,0,0,0,0,0,0,0
499,74,0,1.69602,31.1508,0,227,202.4,144.57,-36.7877,0,0,28,0,46,0,0,0,0,0,0,0,0
500,75,0,1.70512,31.7196,0,247,202.4,144.57,-36.7877,0,0,28,0,49,0,0,0,0,0,0,0,0
501,75,0,1.71492,32.4252,0,217,202.4,144.57,-36.7876,0,0,28,0,48,0,0,0,0,0,0,0,0
502,76,0,1.72381,32.0652,0,213,202.4,144.57,-36.7875,0,0,28,0,49,0,0,0,0,0,0,0,0
503,76,0,1.73263,32.0436,0,214,202.4,144.57,-36.7874,0,0,28,0,47,0,0,0,0,0,0,0,0
504,76,0,1.74209,32.6052,0,210,202.4,144.57,-36.7873,0,0,28,0,48,0,0,0,0,0,0,0,0
505,77,0,1.75172,33.138,0,211,202.4,144.57,-36.7873,0,0,28,0,49,0,0,0,0,0,0,0,0
506,77,0,1.76153,34.1172,0,211,202.4,144.57,-36.7872,0,0,28,0,49,0,0,0,0,0,0,0,0
507,78,0,1.77082,34.0236,0,291,202.4,144.57,-36.7871,0,0,28,0,50,0,0,0,0,0,0,0,0
508,79,0,1.7797,33.516,0,291,202.4,144.57,-36.787,0,0,28,0,50,0,0,0,0,0,0,0,0
509,79,0,1.78947,34.0452,0,293,202.4,144.57,-36.7869,0,0,28,0,48,0,0,0,0,0,0,0,0
510,80,0,1.79929,34.3908,0,321,202.4,144.57,-36.7869,0,0,28,0,49,0,0,0,0,0,0,0,0
511,80,0,1.80963,35.0928,0,321,202.4,144.57,-36.7868,0,0,28,0,49,0,0,0,0,0,0,0,0
512,82,0,1.82005,35.6256,0,327,202.4,144.57,-36.7867,0,0,28,0,49,0,0,0,0,0,0,0,0
513,84,0,1.83044,36.4392,0,305,202.4,144.57,-36.7866,0,0,28,0,49,0,0,0,0,0,0,0,0
514,85,0,1.84061,36.4104,0,295,202.4,144.57,-36.7865,0,0,28,0,48,0,0,0,0,0,0,0,0
515,86,0,1.85076,36.4356,0,311,202.4,144.57,-36.7864,0,0,28,0,47,0,0,0,0,0,0,0,0
516,87,0,1.86111,36.4392,0,297,202.4,144.57,-36.7863,0,0,28,0,47,0,0,0,0,0,0,0,0
517,88,0,1.87092,36.3852,0,314,202.4,144.57,-36.7862,0,0,28,0,47,0,0,0,0,0,0,0,0
518,88,0,1.88096,36.4068,0,339,202.4,144.57,-36.7862,0,0,28,0,48,0,0,0,0,0,0,0,0
519,88,0,1.89207,37.4976,0,339,202.4,144.57,-36.7861,0,0,28,0,48,0,0,0,0,0,0,0,0
520,90,0,1.90228,37.5552,0,407,202.4,144.57,-36.786,0,0,28,0,49,0,0,0,0,0,0,0,0
521,91,0,1.91359,38.88,0,418,202.4,144.57,-36.7859,0,0,28,0,48,0,0,0,0,0,0,0,0
522,92,0,1.92521,39.3048,0,402,202.4,144.57,-36.7858,0,0,28,0,47,0,0,0,0,0,0,0,0
523,93,0,1.93584,39.168,0,389,202.4,144.57,-36.7857,0,0,28,0,47,0,0,0,0,0,0,0,0
524,94,0,1.94731,39.2724,0,376,202.4,144.57,-36.7856,0,0,28,0,46,0,0,0,0,0,0,0,0
525,94,0,1.96076,40.6836,0,339,202.4,144.57,-36.7855,0,0,28,0,48,0,0,0,0,0,0,0,0
526,94,0,1.97375,41.6088,0,381,202.4,144.57,-36.7854,0,0,28,0,47,0,0,0,0,0,0,0,0
527,93,0,1.98621,41.9004,0,422,202.4,144.57,-36.7852,0,0,28,0,46,0,0,0,0,0,0,0,0
528,89,0,1.99937,42.012,0,362,202.4,144.569,-36.7851,0,0,28,0,46,0,0,0,0,0,0,0,0
529,89,0,2.01241,42.5196,0,362,202.4,144.569,-36.785,0,0,28,0,46,0,0,0,0,0,0,0,0
530,87,0,2.02427,41.436,0,351,202.4,144.569,-36.7849,0,0,28,0,46,0,0,0,0,0,0,0,0
531,87,0,2.03659,41.3028,0,351,202.4,144.569,-36.7848,0,0,28,0,46,0,0,0,0,0,0,0,0
532,88,0,2.04856,41.2308,0,353,202.4,144.569,-36.7847,0,0,28,0,46,0,0,0,0,0,0,0,0
533,89,0,2.06038,41.2812,0,358,202.4,144.569,-36.7846,0,0,28,0,46,0,0,0,0,0,0,0,0
534,90,0,2.07138,40.842,0,371,202.4,144.569,-36.7845,0,0,28,0,46,0,0,0,0,0,0,0,0
535,91,0,2.08292,40.4496,0,343,202.4,144.569,-36.7844,0,0,28,0,46,0,0,0,0,0,0,0,0
536,92,0,2.09481,40.482,0,309,202.4,144.569,-36.7843,0,0,28,0,45,0,0,0,0,0,0,0,0
537,92,0,2.10699,40.7952,0,331,202.4,144.569,-36.7842,0,0,28,0,46,0,0,0,0,0,0,0,0
538,92,0,2.11855,41.4288,0,378,202.4,144.569,-36.7841,0,0,28,0,46,0,0,0,0,0,0,0,0
539,92,0,2.13006,41.4252,0,378,202.4,144.569,-36.784,0,0,28,0,46,0,0,0,0,0,0,0,0
540,92,0,2.14188,41.904,0,336,202.4,144.569,-36.7839,0,0,28,0,47,0,0,0,0,0,0,0,0
541,92,0,2.15245,41.8284,0,280,202.4,144.569,-36.7838,0,0,28,0,47,0,0,0,0,0,0,0,0
542,92,0,2.16292,41.526,0,166,202.4,144.569,-36.7837,0,0,28,0,43,0,0,0,0,0,0,0,0
543,92,0,2.17411,41.6448,0,64,202.4,144.569,-36.7836,0,0,28,0,38,0,0,0,0,0,0,0,0
544,93,0,2.18547,42.3792,0,13,202.4,144.569,-36.7835,0,0,28,0,31,0,0,0,0,0,0,0,0
545,93,0,2.19682,42.246,0,0,202.4,144.569,-36.7834,0,0,28,0,31,0,0,0,0,0,0,0,0
546,93,0,2.20798,41.6232,0,0,202.4,144.569,-36.7833,0,0,28,0,31,0,0,0,0,0,0,0,0
547,22,0,2.21848,40.2984,0,0,202.4,144.569,-36.7832,0,0,28,0,31,0,0,0,0,0,0,0,0
548,0,0,2.22812,38.4012,0,0,202.4,144.569,-36.7831,0,0,28,0,31,0,0,0,0,0,0,0,0
549,36,0,2.23694,36.3924,0,0,202.4,144.569,-36.7831,0,0,28,0,31,0,0,0,0,0,0,0,0
550,73,0,2.24385,33.3252,0,0,202.4,144.569,-36.783,0,0,28,0,31,0,0,0,0,0,0,0,0
551,65,0,2.25114,29.8512,0,0,202.4,144.569,-36.7829,0,0,28,0,31,0,0,0,0,0,0,0,0
552,64,0,2.25836,27.4824,0,0,202.4,144.569,-36.7829,0,0,28,0,31,0,0,0,0,0,0,0,0
553,32,0,2.26366,23.706,0,0,202.4,144.569,-36.7828,0,0,28,0,31,0,0,0,0,0,0,0,0
554,5,0,2.26832,20.9052,0,0,202.4,144.569,-36.7828,0,0,28,0,31,0,0,0,0,0,0,0,0
555,0,0,2.27163,17.8236,0,0,202.4,144.569,-36.7828,0,0,28,0,31,0,0,0,0,0,0,0,0
556,17,0,2.27163,11.8152,0,0,202,144.569,-36.7828,0,0,28,0,31,0,0,0,0,0,0,0,0
557,5,0,2.27235,9.3852,0,0,201.6,144.569,-36.7828,0,0,27,0,31,0,0,0,0,0,0,0,0
558,0,0,2.27235,6.7608,0,0,201.2,144.569,-36.7828,0,0,28,0,31,0,0,0,0,0,0,0,0
559,0,0,2.27235,4.6044,0,0,200.8,144.569,-36.7828,0,0,28,0,31,0,0,0,0,0,0,0,0
560,0,0,2.27235,2.808,0,0,200.4,144.569,-36.7828,0,0,28,0,31,0,0,0,0,0,0,0,0
561,0,0,2.27235,0,0,0,200.4,144.569,-36.7828,0,0,28,0,31,0,0,0,0,0,0,0,0
562,0,0,2.27235,0,0,0,200.4,144.569,-36.7828,0,0,28,0,31,0,0,0,0,0,0,0,0
563,0,0,2.27235,0,0,0,200.4,144.569,-36.7828,0,0,27,0,31,0,0,0,0,0,0,0,0
564,0,0,2.27253,0,0,0,200.4,144.569,-36.7828,0,0,28,0,31,0,0,0,0,0,0,0,0
565,0,0,2.27264,0,0,0,200.4,144.569,-36.7828,0,0,27,0,31,0,0,0,0,0,0,0,0
566,0,0,2.27278,1.7568,0,0,200.4,144.569,-36.7828,0,0,27,0,31,0,0,0,0,0,0,0,0
567,0,0,2.27278,0,0,0,200.4,144.569,-36.7828,0,0,27,0,31,0,0,0,0,0,0,0,0
568,0,0,2.27278,0,0,0,200.4,144.569,-36.7828,0,0,27,0,31,0,0,0,0,0,0,0,0
569,0,0,2.27278,0,0,0,200.4,144.569,-36.7828,0,0,27,0,31,0,0,0,0,0,0,0,0
570,0,0,2.27286,0,0,0,200.4,144.569,-36.7828,0,0,27,0,31,0,0,0,0,0,0,0,0
571,0,0,2.27286,0,0,0,200.4,144.569,-36.7828,0,0,27,0,31,0,0,0,0,0,0,0,0
572,0,0,2.2729,0,0,0,200.4,144.569,-36.7828,0,0,27,0,31,0,0,0,0,0,0,0,0
573,0,0,2.27309,0,0,0,200.4,144.569,-36.7828,0,0,27,0,31,0,0,0,0,0,0,0,0
574,0,0,2.27339,0,0,0,200.4,144.569,-36.7828,0,0,27,0,31,0,0,0,0,0,0,0,0
575,0,0,2.27359,0,0,0,200.4,144.569,-36.7828,0,0,27,0,31,0,0,0,0,0,0,0,0
576,0,0,2.27396,0,0,0,200.4,144.569,-36.7828,0,0,27,0,31,0,0,0,0,0,0,0,0
577,0,0,2.27421,0,0,0,200.4,144.569,-36.7828,0,0,27,0,31,0,0,0,0,0,0,0,0
578,0,0,2.27462,0,0,0,200.4,144.569,-36.7828,0,0,27,0,31,0,0,0,0,0,0,0,0
579,0,0,2.27496,0,0,0,200.4,144.569,-36.7828,0,0,27,0,31,0,0,0,0,0,0,0,0
580,0,0,2.2753,0,0,0,200.4,144.569,-36.7828,0,0,27,0,31,0,0,0,0,0,0,0,0
581,0,0,2.27566,0,0,0,200.4,144.569,-36.7828,0,0,27,0,31,0,0,0,0,0,0,0,0
582,0,0,2.27585,0,0,0,200.4,144.569,-36.7828,0,0,27,0,31,0,0,0,0,0,0,0,0
583,0,0,2.27613,0,0,0,200.4,144.569,-36.7828,0,0,27,0,31,0,0,0,0,0,0,0,0
584,0,0,2.27637,0,0,0,200.4,144.569,-36.7828,0,0,27,0,31,0,0,0,0,0,0,0,0
585,0,0,2.27642,0,0,0,200.4,144.569,-36.7828,0,0,27,0,31,0,0,0,0,0,0,0,0
586,0,0,2.27652,0,0,0,200.4,144.569,-36.7828,0,0,27,0,31,0,0,0,0,0,0,0,0
587,0,0,2.27669,0,0,0,200.4,144.569,-36.7828,0,0,27,0,31,0,0,0,0,0,0,0,0
588,0,0,2.27669,0,0,0,200.4,144.569,-36.7828,0,0,27,0,31,0,0,0,0,0,0,0,0
589,0,0,2.27669,0,0,0,200.4,144.569,-36.7828,0,0,27,0,31,0,0,0,0,0,0,0,0
590,0,0,2.27669,0,0,0,200.4,144.569,-36.7828,0,0,27,0,31,0,0,0,0,0,0,0,0
591,0,0,2.27669,0,0,0,200.4,144.569,-36.7828,0,0,27,0,31,0,0,0,0,0,0,0,0
592,0,0,2.27681,0,0,0,200.4,144.569,-36.7828,0,0,27,0,31,0,0,0,0,0,0,0,0
593,0,0,2.27681,0,0,0,200.4,144.569,-36.7828,0,0,27,0,31,0,0,0,0,0,0,0,0
594,0,0,2.27681,0,0,0,200.4,144.569,-36.7828,0,0,27,0,31,0,0,0,0,0,0,0,0
595,0,0,2.27681,0,0,0,200.4,144.569,-36.7828,0,0,27,0,31,0,0,0,0,0,0,0,0
596,0,0,2.27681,0,0,0,200.4,144.569,-36.7828,0,0,27,0,31,0,0,0,0,0,0,0,0
597,0,0,2.27699,0,0,0,200.4,144.569,-36.7828,0,0,27,0,31,0,0,0,0,0,0,0,0
598,0,0,2.27699,0,0,0,200.4,144.569,-36.7828,0,0,27,0,31,0,0,0,0,0,0,0,0
599,0,0,2.27699,0,0,0,200.4,144.569,-36.7828,0,0,27,0,31,0,0,0,0,0,0,0,0
600,0,0,2.27699,0,0,0,200.4,144.569,-36.7828,0,0,27,0,31,0,0,0,0,0,0,0,0
601,0,0,2.2772,0,0,0,200.4,144.569,-36.7828,0,0,27,0,31,0,0,0,0,0,0,0,0
602,0,0,2.27735,0,0,0,200.4,144.569,-36.7828,0,0,27,0,31,0,0,0,0,0,0,0,0
603,0,0,2.27747,0,0,0,200.4,144.569,-36.7828,0,0,27,0,31,0,0,0,0,0,0,0,0
604,0,0,2.27747,0,0,0,200.4,144.569,-36.7828,0,0,27,0,31,0,0,0,0,0,0,0,0
605,0,0,2.27747,0,0,0,200.4,144.569,-36.7828,0,0,27,0,31,0,0,0,0,0,0,0,0
606,0,0,2.27747,0,0,0,200.4,144.569,-36.7828,0,0,27,0,31,0,0,0,0,0,0,0,0
607,0,0,2.27747,0,0,0,200.4,144.569,-36.7828,0,0,27,0,31,0,0,0,0,0,0,0,0
608,0,0,2.27747,0,0,0,200.4,144.569,-36.7828,0,0,27,0,31,0,0,0,0,0,0,0,0
609,0,0,2.27747,0,0,0,200.4,144.569,-36.7828,0,0,27,0,31,0,0,0,0,0,0,0,0
610,0,0,2.27747,0,0,0,200.4,144.569,-36.7828,0,0,27,0,31,0,0,0,0,0,0,0,0
611,0,0,2.27747,0,0,0,200.4,144.569,-36.7828,0,0,27,0,31,0,0,0,0,0,0,0,0
612,0,0,2.27747,2.016,0,0,200.4,144.569,-36.7828,0,0,27,0,31,0,0,0,0,0,0,0,0
613,0,0,2.27747,0,0,0,200.4,144.569,-36.7828,0,0,27,0,31,0,0,0,0,0,0,0,0
614,0,0,2.27747,0,0,0,200.4,144.569,-36.7828,0,0,27,0,31,0,0,0,0,0,0,0,0
615,0,0,2.27749,0,0,0,200.4,144.569,-36.7828,0,0,27,0,31,0,0,0,0,0,0,0,0
616,0,0,2.27749,0,0,0,200.4,144.569,-36.7828,0,0,27,0,31,0,0,0,0,0,0,0,0
617,0,0,2.27749,0,0,0,200.4,144.569,-36.7828,0,0,27,0,31,0,0,0,0,0,0,0,0
618,0,0,2.27749,0,0,0,200.4,144.569,-36.7828,0,0,27,0,31,0,0,0,0,0,0,0,0
619,0,0,2.27749,0,0,0,200.4,144.569,-36.7828,0,0,27,0,31,0,0,0,0,0,0,0,0
620,0,0,2.27764,0,0,0,200.4,144.569,-36.7828,0,0,27,0,31,0,0,0,0,0,0,0,0
621,0,0,2.27791,0,0,0,200.4,144.569,-36.7828,0,0,27,0,31,0,0,0,0,0,0,0,0
622,0,0,2.27793,0,0,0,200.4,144.569,-36.7828,0,0,27,0,31,0,0,0,0,0,0,0,0
623,0,0,2.27793,0,0,0,200.4,144.569,-36.7828,0,0,27,0,31,0,0,0,0,0,0,0,0
624,0,0,2.27793,0,0,0,200.4,144.569,-36.7828,0,0,27,0,31,0,0,0,0,0,0,0,0
625,0,0,2.27793,0,0,0,200.4,144.569,-36.7828,0,0,27,0,31,0,0,0,0,0,0,0,0
626,0,0,2.27793,0,0,0,200.4,144.569,-36.7828,0,0,27,0,31,0,0,0,0,0,0,0,0
627,0,0,2.27794,0,0,0,200.4,144.569,-36.7828,0,0,27,0,31,0,0,0,0,0,0,0,0
628,0,0,2.27794,0,0,0,200.4,144.569,-36.7828,0,0,27,0,31,0,0,0,0,0,0,0,0
629,0,0,2.27794,0,0,0,200.4,144.569,-36.7828,0,0,27,0,31,0,0,0,0,0,0,0,0
630,0,0,2.27794,0,0,0,200.4,144.569,-36.7828,0,0,27,0,31,0,0,0,0,0,0,0,0
631,0,0,2.27794,0,0,0,200.4,144.569,-36.7828,0,0,27,0,31,0,0,0,0,0,0,0,0
632,0,0,2.27794,0,0,0,200.4,144.569,-36.7828,0,0,27,0,31,0,0,0,0,0,0,0,0
633,0,0,2.27794,0,0,0,200.4,144.569,-36.7828,0,0,27,0,31,0,0,0,0,0,0,0,0
634,0,0,2.27794,0,0,0,200.4,144.569,-36.7828,0,0,27,0,31,0,0,0,0,0,0,0,0
635,0,0,2.27794,0,0,0,200.4,144.569,-36.7828,0,0,27,0,31,0,0,0,0,0,0,0,0
636,0,0,2.27794,0,0,0,200.4,144.569,-36.7828,0,0,27,0,31,0,0,0,0,0,0,0,0
637,0,0,2.27794,0,0,0,200.4,144.569,-36.7828,0,0,27,0,31,0,0,0,0,0,0,0,0
638,0,0,2.27794,0,0,0,200.4,144.569,-36.7828,0,0,27,0,31,0,0,0,0,0,0,0,0
639,0,0,2.27794,0,0,0,200.4,144.569,-36.7828,0,0,27,0,31,0,0,0,0,0,0,0,0
640,0,0,2.27794,0,0,0,200.4,144.569,-36.7828,0,0,27,0,31,0,0,0,0,0,0,0,0
641,0,0,2.27794,0,0,0,200.4,144.569,-36.7828,0,0,27,0,31,0,0,0,0,0,0,0,0
642,0,0,2.27794,0,0,0,200.4,144.569,-36.7828,0,0,27,0,31,0,0,0,0,0,0,0,0
643,0,0,2.27794,0,0,0,200.4,144.569,-36.7828,0,0,27,0,31,0,0,0,0,0,0,0,0
644,0,0,2.27794,0,0,0,200.4,144.569,-36.7828,0,0,27,0,31,0,0,0,0,0,0,0,0
645,0,0,2.27794,0,0,0,200.4,144.569,-36.7828,0,0,27,0,31,0,0,0,0,0,0,0,0
646,0,0,2.27794,0,0,0,200.4,144.569,-36.7828,0,0,27,0,31,0,0,0,0,0,0,0,0
647,0,0,2.27794,0,0,0,200.4,144.569,-36.7828,0,0,27,0,31,0,0,0,0,0,0,0,0
648,0,0,2.27794,0,0,0,200.4,144.569,-36.7828,0,0,27,0,31,0,0,0,0,0,0,0,0
649,0,0,2.27794,0,0,0,200.4,144.569,-36.7828,0,0,27,0,31,0,0,0,0,0,0,0,0
650,0,0,2.27794,0,0,0,200.4,144.569,-36.7828,0,0,27,0,31,0,0,0,0,0,0,0,0
651,0,0,2.27794,0,0,0,200.4,144.569,-36.7828,0,0,27,0,31,0,0,0,0,0,0,0,0
652,0,0,2.27794,0,0,0,200.4,144.569,-36.7828,0,0,27,0,31,0,0,0,0,0,0,0,0
653,0,0,2.27794,0,0,0,200.4,144.569,-36.7828,0,0,27,0,31,0,0,0,0,0,0,0,0
654,0,0,2.27794,0,0,0,200.4,144.569,-36.7828,0,0,27,0,31,0,0,0,0,0,0,0,0
655,0,0,2.27794,0,0,0,200.4,144.569,-36.7828,0,0,27,0,31,0,0,0,0,0,0,0,0
656,0,0,2.27794,0,0,0,200.4,144.569,-36.7828,0,0,27,0,31,0,0,0,0,0,0,0,0
657,0,0,2.27794,0,0,0,200.4,144.569,-36.7828,0,0,27,0,31,0,0,0,0,0,0,0,0
658,0,0,2.27794,0,0,0,200.4,144.569,-36.7828,0,0,27,0,31,0,0,0,0,0,0,0,0
659,0,0,2.27794,0,0,0,200.4,144.569,-36.7828,0,0,27,0,31,0,0,0,0,0,0,0,0
660,0,0,2.27794,0,0,0,200.4,144.569,-36.7828,0,0,27,0,31,0,0,0,0,0,0,0,0
661,0,0,2.27794,0,0,0,200.4,144.569,-36.7828,0,0,27,0,31,0,0,0,0,0,0,0,0
662,0,0,2.27794,0,0,0,200.4,144.569,-36.7828,0,0,27,0,31,0,0,0,0,0,0,0,0
663,0,0,2.27794,0,0,0,200.4,144.569,-36.7828,0,0,27,0,31,0,0,0,0,0,0,0,0
664,0,0,2.27794,0,0,0,200.4,144.569,-36.7828,0,0,27,0,31,0,0,0,0,0,0,0,0
665,0,0,2.27794,0,0,0,200.4,144.569,-36.7828,0,0,27,0,31,0,0,0,0,0,0,0,0
666,0,0,2.27794,0,0,0,200.4,144.569,-36.7828,0,0,27,0,31,0,0,0,0,0,0,0,0
667,0,0,2.27794,0,0,0,200.4,144.569,-36.7828,0,0,27,0,31,0,0,0,0,0,0,0,0
668,0,0,2.27794,0,0,0,200.4,144.569,-36.7828,0,0,27,0,31,0,0,0,0,0,0,0,0
669,0,0,2.27794,0,0,0,200.4,144.569,-36.7828,0,0,27,0,31,0,0,0,0,0,0,0,0
670,0,0,2.27794,0,0,0,200.4,144.569,-36.7828,0,0,27,0,31,0,0,0,0,0,0,0,0
671,0,0,2.27794,0,0,0,200.4,144.569,-36.7828,0,0,27,0,31,0,0,0,0,0,0,0,0
672,0,0,2.27794,0,0,0,200.4,144.569,-36.7828,0,0,27,0,31,0,0,0,0,0,0,0,0
673,0,0,2.27794,0,0,0,200.4,144.569,-36.7828,0,0,27,0,31,0,0,0,0,0,0,0,0
674,0,0,2.27794,0,0,0,200.4,144.569,-36.7828,0,0,27,0,31,0,0,0,0,0,0,0,0
675,0,0,2.27794,0,0,0,200.4,144.569,-36.7828,0,0,27,0,31,0,0,0,0,0,0,0,0
676,0,0,2.27794,0,0,0,200.4,144.569,-36.7828,0,0,27,0,31,0,0,0,0,0,0,0,0
677,0,0,2.27794,0,0,0,200.4,144.569,-36.7828,0,0,27,0,31,0,0,0,0,0,0,0,0
678,0,0,2.27794,0,0,0,200.4,144.569,-36.7828,0,0,27,0,31,0,0,0,0,0,0,0,0
679,0,0,2.27794,0,0,0,200.4,144.569,-36.7828,0,0,27,0,-255,0,0,0,0,0,0,0,0
680,0,0,2.27794,0,0,0,200.4,144.569,-36.7828,0,0,27,0,-255,0,0,0,0,0,0,0,0
681,0,0,2.27794,0,0,0,200.4,144.569,-36.7828,0,0,27,0,-255,0,0,0,0,0,0,0,0
682,0,0,2.27794,0,0,0,200.4,144.569,-36.7828,0,0,27,0,-255,0,0,0,0,0,0,0,0
683,0,0,2.27794,0,0,0,200.4,144.569,-36.7828,0,0,27,0,-255,0,0,0,0,0,0,0,0
684,0,0,2.27794,0,0,0,200.4,144.569,-36.7828,0,0,27,0,-255,0,0,0,0,0,0,0,0
685,0,0,2.27794,0,0,0,200.4,144.569,-36.7828,0,0,27,0,-255,0,0,0,0,0,0,0,0
686,0,0,2.27794,0,0,0,200.4,144.569,-36.7828,0,0,27,0,-255,0,0,0,0,0,0,0,0
731,0,0,2.27794,0,0,0,200.8,144.569,-36.7828,0,0,27,0,-255,0,0,0,0,0,0,0,0
732,0,0,2.27794,0,0,0,201.2,144.569,-36.7828,0,0,27,0,-255,0,0,0,0,0,0,0,0
733,0,0,2.27794,0,0,0,201.6,144.569,-36.7828,0,0,27,0,-255,0,0,0,0,0,0,0,0
734,0,0,2.27794,0,0,0,202,144.569,-36.7828,0,0,27,0,-255,0,0,0,0,0,0,0,0
735,0,0,2.27794,0,0,0,202.4,144.569,-36.7828,0,0,27,0,-255,0,0,0,0,0,0,0,0
766,0,0,2.2784,0,0,0,202.4,144.569,-36.7828,0,0,28,0,-255,0,0,0,0,0,0,0,0
863,0,0,2.27863,0,0,0,201.6,144.569,-36.7828,0,0,28,0,-255,0,0,0,0,0,0,0,0
864,0,0,2.27863,0,0,0,201.2,144.569,-36.7828,0,0,28,0,-255,0,0,0,0,0,0,0,0
865,0,0,2.27863,0,0,0,201,144.569,-36.7828,0,0,28,0,-255,0,0,0,0,0,0,0,0
866,0,0,2.27864,0,0,0,200.8,144.569,-36.7828,0,0,28,0,-255,0,0,0,0,0,0,0,0
867,0,0,2.27865,0,0,0,200.4,144.569,-36.7828,0,0,27,0,-255,0,0,0,0,0,0,0,0
897,0,0,2.27981,0,0,0,200.4,144.569,-36.7828,0,0,27,0,-255,0,0,0,0,0,0,0,0
