time, x, y, z
0.00000, -0.63477, -0.34180, 2.83203 
0.00100, -0.24414, 0.39062, 3.36914 
0.00200, -1.26953, 0.14648, 3.07617 
0.00300, -1.26953, 0.14648, 3.85742 
0.00400, -1.31836, -0.04883, 2.29492 
0.00500, -1.31836, -0.04883, 3.07617 
0.00600, -1.26953, 0.24414, 3.32031 
0.00700, -1.31836, 0.53711, 3.66211 
0.00800, -0.39062, 0.19531, 2.83203 
0.00900, -1.12305, -0.24414, 2.92969 
0.01000, -0.87891, -0.04883, 3.36914 
0.01100, -1.07422, 0.39062, 3.75977 
0.01200, -1.17188, -0.09766, 3.66211 
0.01300, -1.22070, 0.34180, 2.53906 
0.01400, -1.07422, 0.53711, 3.32031 
0.01500, -0.53711, 0.04883, 4.05273 
0.01600, -0.43945, 0.09766, 3.71094 
0.01700, -0.92773, -0.24414, 3.95508 
0.01800, -0.34180, 0.09766, 4.29688 
0.01900, -1.02539, 0.00000, 3.27148 
0.02000, -0.83008, -0.09766, 3.27148 
0.02100, -0.83008, 0.04883, 3.56445 
0.02200, -0.43945, 0.00000, 3.41797 
0.02300, -0.83008, 0.39062, 2.92969 
0.02400, -0.24414, -0.24414, 3.17383 
0.02500, -0.29297, -0.43945, 3.61328 
0.02600, -0.39062, 0.00000, 3.95508 
0.02700, -0.58594, -0.19531, 3.80859 
0.02800, -0.63477, -0.04883, 3.56445 
0.02900, -1.36719, -0.39062, 2.73438 
0.03000, -0.63477, 0.04883, 3.27148 
0.03100, -0.68359, -0.39062, 3.61328 
0.03200, -1.12305, -0.04883, 3.22266 
0.03300, -0.63477, -0.34180, 3.75977 
0.03400, -0.39062, -0.29297, 4.05273 
0.03500, -0.34180, -0.73242, 3.27148 
0.03600, -0.34180, 0.19531, 2.34375 
0.03700, -0.29297, 0.00000, 3.95508 
0.03800, -0.19531, -0.43945, 3.56445 
0.03900, -0.43945, 0.24414, 3.27148 
0.04000, -0.68359, -0.39062, 3.17383 
0.04100, 0.24414, -0.19531, 3.12500 
0.04200, -0.14648, 0.34180, 2.29492 
0.04300, -0.92773, 0.00000, 2.73438 
0.04400, -0.48828, -0.14648, 2.73438 
0.04500, -0.09766, -0.19531, 3.51562 
0.04600, -0.39062, -0.34180, 3.32031 
0.04700, -0.39062, -0.19531, 3.46680 
0.04800, -0.73242, 0.19531, 2.97852 
0.04900, -0.83008, -0.19531, 3.12500 
0.05000, -0.48828, -0.19531, 2.68555 
0.05100, -0.43945, -0.58594, 2.44141 
0.05200, -0.83008, 0.24414, 2.53906 
0.05300, -1.41602, -0.04883, 2.53906 
0.05400, -0.63477, -0.63477, 3.02734 
0.05500, -0.24414, -0.63477, 4.19922 
0.05600, -0.19531, -0.34180, 1.90430 
0.05700, 0.00000, 0.04883, 2.34375 
0.05800, -1.07422, -0.53711, 2.92969 
0.05900, -0.34180, -0.04883, 2.88086 
0.06000, 0.04883, -0.04883, 3.22266 
0.06100, -0.39062, -0.29297, 3.12500 
0.06200, -0.58594, -0.68359, 2.73438 
0.06300, -0.09766, -0.29297, 3.46680 
0.06400, -0.19531, -0.29297, 2.78320 
0.06500, -0.53711, 0.04883, 2.83203 
0.06600, -0.43945, -0.04883, 2.19727 
0.06700, -0.53711, -0.48828, 2.53906 
0.06800, 0.04883, -0.53711, 2.58789 
0.06900, -0.43945, -0.04883, 3.32031 
0.07000, -0.87891, -0.34180, 3.22266 
0.07100, -0.58594, -0.63477, 2.49023 
0.07200, -0.09766, -0.43945, 2.92969 
0.07300, 0.09766, 0.09766, 2.58789 
0.07400, -0.34180, -0.39062, 3.17383 
0.07500, -0.14648, -0.68359, 2.34375 
0.07600, -0.09766, -0.29297, 2.83203 
0.07700, -0.34180, -0.24414, 2.05078 
0.07800, 0.39062, -0.43945, 2.73438 
0.07900, 0.04883, 0.00000, 2.53906 
0.08000, -0.43945, -0.24414, 3.12500 
0.08100, -0.19531, -0.04883, 2.68555 
0.08200, -0.09766, -0.04883, 3.32031 
0.08300, -0.24414, -0.58594, 3.02734 
0.08400, -0.48828, -0.09766, 3.12500 
0.08500, -0.24414, -0.14648, 2.14844 
0.08600, -0.29297, -0.63477, 2.88086 
0.08700, -0.43945, -0.09766, 2.49023 
0.08800, -0.48828, -0.04883, 2.83203 
0.08900, 0.04883, -0.29297, 2.34375 
0.09000, -0.83008, -0.34180, 2.88086 
0.09100, 0.34180, -0.48828, 2.73438 
0.09200, -0.48828, -0.68359, 2.68555 
0.09300, -0.48828, -0.39062, 3.02734 
0.09400, -0.24414, -1.02539, 3.17383 
0.09500, -0.04883, -0.29297, 3.12500 
0.09600, 0.14648, -0.63477, 2.88086 
0.09700, 0.09766, -0.58594, 2.44141 
0.09800, -0.39062, -0.19531, 3.07617 
0.09900, -0.04883, -0.39062, 2.34375 
0.10000, -0.73242, 8.30078, 8.15430 
0.10100, 0.39062, 3.12500, 2.44141 
0.10200, -0.29297, -0.04883, 3.41797 
0.10300, -1.70898, -0.14648, 4.98047 
0.10400, -0.48828, 0.43945, 4.10156 
0.10500, 1.12305, -1.07422, 4.15039 
0.10600, -0.87891, -0.19531, 2.39258 
0.10700, -2.97852, -0.39062, 3.27148 
0.10800, -0.83008, -1.70898, 4.68750 
0.10900, -0.83008, 1.26953, 3.85742 
0.11000, -0.39062, -0.68359, 3.27148 
0.11100, -1.12305, -0.19531, 2.68555 
0.11200, 0.58594, 0.63477, 3.66211 
0.11300, -0.78125, 1.26953, 3.36914 
0.11400, -2.58789, -1.07422, 4.05273 
0.11500, -1.51367, -0.04883, 2.73438 
0.11600, 0.19531, 0.63477, 3.80859 
0.11700, -2.53906, -0.34180, 3.12500 
0.11800, -1.02539, -0.48828, 3.95508 
0.11900, 0.29297, 0.73242, 1.95312 
0.12000, -1.17188, 0.78125, 4.15039 
0.12100, -1.61133, -0.68359, 3.51562 
0.12200, -0.04883, -0.24414, 3.90625 
0.12300, -1.90430, 0.78125, 4.15039 
0.12400, -0.73242, 0.24414, 4.83398 
0.12500, -2.39258, 1.36719, 4.49219 
0.12600, -1.46484, -0.14648, 2.53906 
0.12700, -0.58594, 0.63477, 2.97852 
0.12800, -1.70898, 0.43945, 4.49219 
0.12900, -0.78125, 0.39062, 3.02734 
0.13000, -1.95312, 0.04883, 1.90430 
0.13100, -0.87891, 1.31836, 3.17383 
0.13200, -1.07422, 0.29297, 3.56445 
0.13300, -1.75781, -0.43945, 2.53906 
0.13400, -0.48828, -0.19531, 2.44141 
0.13500, -0.97656, -0.73242, 3.46680 
0.13600, -0.48828, -0.24414, 3.71094 
0.13700, -0.24414, 0.39062, 2.63672 
0.13800, -1.02539, 0.19531, 3.51562 
0.13900, -0.29297, -0.63477, 3.32031 
0.14000, -0.19531, -0.68359, 3.85742 
0.14100, -0.53711, -0.04883, 3.56445 
0.14200, -0.39062, -0.19531, 2.68555 
0.14300, -0.34180, -0.43945, 3.66211 
0.14400, -0.83008, -0.43945, 3.12500 
0.14500, -0.78125, -0.09766, 3.17383 
0.14600, 0.24414, -0.04883, 3.46680 
0.14700, -0.48828, -0.09766, 2.78320 
0.14800, -0.43945, 0.14648, 2.97852 
0.14900, -0.29297, -0.58594, 3.12500 
0.15000, -0.58594, -0.19531, 3.22266 
0.15100, -1.22070, 0.34180, 3.12500 
0.15200, -0.63477, 0.14648, 3.80859 
0.15300, -1.51367, 0.24414, 3.85742 
0.15400, -1.75781, -0.43945, 3.32031 
0.15500, -1.22070, -0.09766, 3.17383 
0.15600, -0.53711, -0.43945, 3.32031 
0.15700, -0.87891, -0.04883, 5.12695 
0.15800, -0.34180, -0.04883, 3.12500 
0.15900, -0.58594, -0.19531, 3.56445 
0.16000, -1.41602, -1.17188, 3.46680 
0.16100, -1.31836, 0.04883, 3.12500 
0.16200, -0.73242, -0.04883, 3.32031 
0.16300, -0.87891, 0.19531, 3.02734 
0.16400, -0.73242, -0.09766, 3.51562 
0.16500, -0.73242, -0.04883, 3.12500 
0.16600, -0.68359, -0.04883, 3.61328 
0.16700, -0.48828, -0.14648, 3.66211 
0.16800, -0.97656, -0.14648, 3.61328 
0.16900, -1.12305, 0.14648, 3.27148 
0.17000, -0.87891, 0.73242, 2.97852 
0.17100, -1.31836, 0.14648, 2.88086 
0.17200, -0.83008, -0.73242, 2.92969 
0.17300, -1.02539, -0.09766, 3.12500 
0.17400, -1.02539, -0.04883, 3.27148 
0.17500, -0.87891, 0.63477, 2.24609 
0.17600, -0.68359, -0.14648, 2.34375 
0.17700, -0.97656, 0.09766, 3.32031 
0.17800, -1.07422, -0.04883, 3.36914 
0.17900, -0.58594, 0.78125, 4.10156 
0.18000, -1.31836, 0.39062, 3.71094 
0.18100, -1.26953, 0.14648, 3.17383 
0.18200, -0.68359, 0.43945, 4.24805 
0.18300, -1.61133, 0.24414, 3.90625 
0.18400, -1.41602, -0.14648, 3.71094 
0.18500, -0.83008, -0.04883, 2.58789 
0.18600, -0.83008, 0.87891, 3.56445 
0.18700, -0.78125, 0.53711, 3.61328 
0.18800, -0.58594, -0.34180, 3.71094 
0.18900, -0.53711, -0.63477, 3.90625 
0.19000, -0.39062, -0.34180, 4.05273 
0.19100, -0.48828, 0.19531, 3.75977 
0.19200, -0.87891, 0.04883, 3.71094 
0.19300, -0.39062, -0.04883, 3.02734 
0.19400, -0.97656, -0.29297, 4.05273 
0.19500, -0.97656, -0.63477, 3.36914 
0.19600, -0.39062, -0.43945, 2.97852 
0.19700, -0.92773, -0.29297, 2.78320 
0.19800, -0.63477, -0.04883, 3.36914 
0.19900, -1.07422, -0.39062, 3.90625 
0.20000, -0.48828, -0.43945, 3.66211 
0.20100, -0.73242, -0.53711, 4.24805 
0.20200, -0.29297, 0.19531, 3.22266 
0.20300, -0.34180, -0.14648, 3.75977 
0.20400, -0.43945, 0.09766, 3.80859 
0.20500, -1.02539, -0.48828, 4.05273 
0.20600, -0.68359, -0.43945, 2.68555 
0.20700, -0.78125, 0.14648, 2.53906 
0.20800, -0.43945, 0.14648, 3.80859 
0.20900, -0.73242, 0.73242, 3.17383 
0.21000, 0.24414, -0.04883, 3.71094 
0.21100, -1.31836, -0.19531, 3.46680 
0.21200, -0.19531, -0.24414, 3.32031 
0.21300, -0.78125, -0.04883, 2.97852 
0.21400, -0.58594, -0.29297, 3.61328 
0.21500, -0.68359, -0.29297, 3.32031 
0.21600, -0.92773, 0.04883, 3.75977 
0.21700, -0.19531, 0.29297, 2.83203 
0.21800, -0.87891, 0.24414, 2.92969 
0.21900, -0.24414, -1.61133, 3.85742 
0.22000, -0.73242, -0.43945, 4.10156 
0.22100, -0.83008, -0.43945, 2.24609 
0.22200, -0.43945, -0.39062, 3.17383 
0.22300, -0.83008, -0.04883, 2.92969 
0.22400, -0.09766, -0.97656, 3.12500 
0.22500, -0.29297, -0.04883, 3.12500 
0.22600, -0.09766, -0.04883, 2.39258 
0.22700, -0.24414, -0.34180, 2.97852 
0.22800, -0.48828, -0.39062, 2.73438 
0.22900, -0.63477, -0.24414, 2.97852 
0.23000, -0.09766, -0.43945, 3.17383 
0.23100, -0.29297, -0.04883, 3.12500 
0.23200, -0.68359, -0.39062, 2.24609 
0.23300, -0.24414, -0.24414, 2.73438 
0.23400, -0.24414, -0.73242, 2.73438 
0.23500, -0.48828, -0.04883, 2.78320 
0.23600, 0.19531, -0.68359, 3.12500 
0.23700, -0.14648, -0.53711, 2.88086 
0.23800, -0.29297, -0.39062, 3.02734 
0.23900, -0.48828, -0.83008, 2.49023 
0.24000, -0.14648, -0.29297, 2.34375 
0.24100, -0.14648, -0.43945, 3.12500 
0.24200, -0.14648, -0.68359, 2.88086 
0.24300, 0.00000, -0.19531, 3.02734 
0.24400, -0.19531, -0.48828, 3.71094 
0.24500, -0.43945, -0.04883, 2.78320 
0.24600, 0.09766, -0.04883, 2.68555 
0.24700, -0.04883, -0.83008, 2.19727 
0.24800, -0.04883, -0.43945, 3.07617 
0.24900, 0.19531, -0.63477, 2.97852 
0.25000, -0.09766, -1.41602, 3.80859 
0.25100, -0.34180, -0.83008, 3.46680 
0.25200, 0.58594, -0.68359, 2.29492 
0.25300, 0.19531, -1.26953, 3.27148 
0.25400, 0.24414, -0.97656, 3.02734 
0.25500, -0.04883, -0.83008, 1.90430 
0.25600, -0.53711, -0.58594, 2.05078 
0.25700, -0.14648, -1.02539, 2.68555 
0.25800, 0.39062, -1.31836, 2.73438 
0.25900, 0.09766, -0.24414, 2.49023 
0.26000, -0.24414, -0.73242, 3.27148 
0.26100, 0.19531, -0.97656, 2.53906 
0.26200, -0.58594, -0.87891, 2.92969 
0.26300, -0.19531, -0.43945, 2.53906 
0.26400, -0.43945, -0.68359, 2.73438 
0.26500, 0.29297, -0.39062, 2.63672 
0.26600, -0.14648, -1.46484, 3.41797 
0.26700, -0.34180, -0.53711, 3.02734 
0.26800, 0.00000, -0.39062, 2.39258 
0.26900, -0.43945, -0.19531, 3.02734 
0.27000, -0.63477, 0.14648, 1.80664 
0.27100, -0.04883, 0.04883, 3.17383 
0.27200, 0.14648, -0.39062, 2.88086 
0.27300, -0.14648, -0.83008, 3.02734 
0.27400, -0.19531, 0.04883, 3.02734 
0.27500, -0.48828, -0.43945, 2.88086 
0.27600, -0.68359, -0.24414, 3.41797 
0.27700, -0.58594, -0.39062, 2.97852 
0.27800, -0.53711, 0.00000, 2.58789 
0.27900, -0.58594, -0.09766, 2.53906 
0.28000, 0.00000, 0.00000, 2.73438 
0.28100, -1.02539, -0.48828, 3.17383 
0.28200, 0.00000, -0.19531, 2.63672 
0.28300, -0.43945, -0.29297, 2.88086 
0.28400, -0.48828, -0.48828, 2.92969 
0.28500, -0.63477, 0.09766, 3.27148 
0.28600, -1.02539, -0.24414, 3.36914 
0.28700, -0.24414, -0.04883, 3.32031 
0.28800, -0.83008, -0.34180, 2.09961 
0.28900, -0.83008, -0.29297, 2.88086 
0.29000, -0.92773, 0.19531, 2.88086 
0.29100, -0.78125, -0.24414, 2.97852 
0.29200, -0.58594, -0.04883, 2.63672 
0.29300, -7.27539, 8.98438, 7.51953 
0.29400, 1.31836, -1.22070, 4.29688 
0.29500, 0.53711, 1.51367, 6.20117 
0.29600, -0.97656, 1.36719, 4.68750 
0.29700, -0.04883, -1.07422, 3.41797 
0.29800, -1.61133, -0.58594, 4.10156 
0.29900, 0.00000, -0.58594, 3.36914 
0.30000, -1.70898, -0.29297, 2.73438 
0.30100, -0.73242, 0.43945, 3.51562 
0.30200, -2.14844, -0.63477, 3.51562 
0.30300, -1.36719, -0.83008, 3.12500 
0.30400, -1.80664, 0.34180, 3.80859 
0.30500, -0.04883, 3.41797, 11.18164 
0.30600, 0.34180, -1.07422, 3.56445 
0.30700, -1.61133, 1.41602, 3.66211 
0.30800, -1.26953, -0.48828, 2.97852 
0.30900, -0.97656, -0.34180, 3.46680 
0.31000, -1.66016, 0.29297, 2.49023 
0.31100, -0.92773, -0.73242, 3.61328 
0.31200, -0.83008, 0.14648, 2.73438 
0.31300, -1.41602, 0.87891, 2.83203 
0.31400, -1.02539, -0.04883, 3.12500 
0.31500, -1.80664, 0.19531, 2.19727 
0.31600, -0.14648, -0.24414, 3.56445 
0.31700, -0.58594, -0.34180, 2.63672 
0.31800, -0.19531, -0.04883, 3.41797 
0.31900, -1.22070, -0.04883, 3.36914 
0.32000, -0.78125, 0.09766, 2.00195 
0.32100, -1.41602, 0.73242, 3.56445 
0.32200, -1.85547, -0.14648, 2.58789 
0.32300, -1.02539, 0.29297, 3.12500 
0.32400, -0.73242, 0.24414, 2.88086 
0.32500, -1.12305, -1.02539, 3.36914 
0.32600, -0.68359, -0.04883, 3.41797 
0.32700, -0.39062, -0.48828, 3.90625 
0.32800, -0.53711, 0.04883, 3.22266 
0.32900, -0.24414, -0.24414, 2.44141 
0.33000, -0.48828, -0.09766, 3.56445 
0.33100, -0.24414, -0.34180, 3.56445 
0.33200, -0.48828, -0.09766, 3.17383 
0.33300, -0.68359, -0.29297, 3.46680 
0.33400, -0.63477, -0.63477, 3.41797 
0.33500, -0.73242, 0.04883, 2.44141 
0.33600, -0.78125, -1.07422, 3.71094 
0.33700, -0.58594, 0.34180, 3.17383 
0.33800, -1.41602, -0.09766, 4.00391 
0.33900, -0.04883, -0.19531, 3.71094 
0.34000, -0.63477, -0.43945, 3.95508 
0.34100, -0.58594, -0.04883, 3.41797 
0.34200, -0.58594, -0.34180, 3.66211 
0.34300, -0.73242, 0.19531, 2.68555 
0.34400, -0.19531, -0.48828, 3.56445 
0.34500, -0.92773, 0.39062, 2.68555 
0.34600, -0.92773, 0.09766, 3.17383 
0.34700, -0.48828, 0.14648, 3.61328 
0.34800, -0.39062, 0.39062, 3.51562 
0.34900, -0.39062, 0.09766, 3.41797 
0.35000, -0.58594, -0.29297, 3.36914 
0.35100, -0.29297, -0.09766, 2.83203 
0.35200, -0.87891, -0.09766, 3.27148 
0.35300, -1.02539, -0.04883, 3.27148 
0.35400, -0.83008, 0.43945, 3.85742 
0.35500, -0.83008, -0.29297, 3.17383 
0.35600, -1.17188, 0.14648, 2.83203 
0.35700, -1.12305, -0.04883, 3.17383 
0.35800, -1.02539, 0.43945, 2.58789 
0.35900, -1.02539, 0.24414, 2.39258 
0.36000, -1.07422, 0.43945, 3.46680 
0.36100, -0.92773, 0.04883, 3.61328 
0.36200, -0.43945, -0.53711, 3.02734 
0.36300, -1.07422, -0.04883, 2.78320 
0.36400, -1.61133, 0.83008, 4.05273 
0.36500, -0.68359, 0.14648, 3.80859 
0.36600, -1.61133, -0.48828, 4.10156 
0.36700, -1.51367, 0.19531, 3.56445 
0.36800, -0.24414, -0.29297, 4.00391 
0.36900, -1.22070, 0.34180, 3.71094 
0.37000, -1.17188, 0.24414, 4.19922 
0.37100, -0.78125, 0.00000, 4.15039 
0.37200, -0.53711, 0.14648, 2.88086 
0.37300, -0.78125, -0.24414, 4.39453 
0.37400, -0.68359, -0.39062, 3.80859 
0.37500, -0.48828, -0.09766, 3.66211 
0.37600, -0.87891, 0.14648, 3.02734 
0.37700, -0.78125, 0.24414, 4.29688 
0.37800, -0.39062, 0.29297, 4.10156 
0.37900, -1.12305, -0.04883, 4.19922 
0.38000, -0.53711, -0.68359, 3.61328 
0.38100, -0.53711, -0.58594, 3.17383 
0.38200, -0.43945, -0.48828, 4.29688 
0.38300, -0.68359, -0.14648, 3.90625 
0.38400, -0.58594, 0.04883, 3.46680 
0.38500, -1.02539, -0.29297, 2.88086 
0.38600, -0.92773, -0.14648, 3.71094 
0.38700, -0.63477, -0.24414, 3.61328 
0.38800, -0.53711, -0.39062, 4.05273 
0.38900, -1.07422, -0.48828, 3.12500 
0.39000, -0.48828, 0.00000, 3.36914 
0.39100, -0.34180, -0.04883, 3.80859 
0.39200, -0.97656, 0.09766, 3.36914 
0.39300, -0.43945, 0.24414, 3.22266 
0.39400, -0.53711, -0.04883, 3.56445 
0.39500, -0.48828, 0.04883, 3.61328 
0.39600, -1.22070, 0.09766, 3.66211 
0.39700, -0.73242, -0.58594, 2.53906 
0.39800, -0.68359, -0.24414, 3.56445 
0.39900, -0.73242, 0.00000, 3.22266 
0.40000, -0.83008, -0.63477, 2.73438 
0.40100, -0.78125, -0.24414, 2.88086 
0.40200, -1.80664, -0.09766, 2.05078 
0.40300, -0.48828, -0.04883, 3.12500 
0.40400, -0.87891, -0.29297, 3.07617 
0.40500, -0.92773, -0.63477, 2.63672 
0.40600, -0.58594, -0.09766, 2.92969 
0.40700, -0.43945, 0.14648, 3.61328 
0.40800, -0.78125, -0.24414, 3.12500 
0.40900, -0.53711, -0.43945, 3.41797 
0.41000, -0.73242, 0.19531, 3.75977 
0.41100, -1.17188, 0.39062, 2.78320 
0.41200, -0.63477, 0.19531, 3.22266 
0.41300, -0.14648, -0.19531, 3.12500 
0.41400, -0.83008, -0.39062, 3.17383 
0.41500, -0.53711, 0.19531, 2.78320 
0.41600, -0.68359, -0.24414, 2.78320 
0.41700, -0.63477, 0.39062, 2.78320 
0.41800, -0.58594, -0.19531, 2.19727 
0.41900, -0.48828, -0.14648, 2.78320 
0.42000, -0.48828, -0.73242, 3.12500 
0.42100, -0.63477, 0.04883, 3.36914 
0.42200, -0.58594, -0.63477, 2.92969 
0.42300, -0.29297, -0.34180, 2.63672 
0.42400, -0.19531, -0.04883, 2.39258 
0.42500, -0.09766, -0.39062, 2.97852 
0.42600, -0.19531, -0.63477, 2.92969 
0.42700, -0.53711, -0.48828, 3.12500 
0.42800, -0.04883, -0.78125, 3.51562 
0.42900, 0.09766, -0.09766, 3.07617 
0.43000, 0.04883, -0.73242, 2.00195 
0.43100, -0.19531, -0.68359, 2.88086 
0.43200, 0.04883, -0.53711, 2.92969 
0.43300, -0.24414, -1.02539, 3.12500 
0.43400, -0.04883, -0.92773, 2.53906 
0.43500, -0.09766, -0.43945, 3.12500 
0.43600, -0.34180, -0.29297, 2.73438 
0.43700, -0.29297, -0.43945, 2.73438 
0.43800, -0.24414, -0.53711, 2.68555 
0.43900, -0.04883, -0.78125, 2.53906 
0.44000, -0.24414, -0.39062, 3.02734 
0.44100, -0.09766, -0.39062, 2.58789 
0.44200, 0.14648, -1.07422, 3.17383 
0.44300, -0.04883, -0.87891, 2.24609 
0.44400, -0.04883, -0.63477, 2.58789 
0.44500, -0.14648, -0.83008, 2.19727 
0.44600, 0.04883, -1.07422, 2.92969 
0.44700, -0.19531, -1.02539, 2.68555 
0.44800, -0.14648, -0.14648, 2.97852 
0.44900, -0.63477, -1.07422, 2.58789 
0.45000, -0.53711, -0.58594, 2.53906 
0.45100, -0.04883, -0.58594, 3.71094 
0.45200, 0.19531, -0.39062, 3.07617 
0.45300, -0.48828, -0.58594, 2.92969 
0.45400, -0.14648, -0.19531, 3.12500 
0.45500, 0.19531, -0.63477, 2.34375 
0.45600, -0.14648, -0.83008, 2.44141 
0.45700, -0.29297, -1.02539, 3.36914 
0.45800, -0.63477, -0.48828, 2.68555 
0.45900, -0.19531, -1.07422, 2.49023 
0.46000, -0.24414, -0.68359, 3.36914 
0.46100, -0.04883, -0.04883, 2.39258 
0.46200, -0.04883, -0.43945, 3.51562 
0.46300, 0.39062, -0.24414, 3.22266 
0.46400, -0.34180, -0.68359, 2.92969 
0.46500, -0.48828, -0.48828, 2.53906 
0.46600, -0.83008, -0.29297, 3.12500 
0.46700, -0.04883, -0.87891, 2.73438 
0.46800, -0.39062, -0.63477, 3.12500 
0.46900, -0.19531, -0.39062, 3.51562 
0.47000, -0.92773, -0.24414, 3.85742 
0.47100, -0.48828, -0.34180, 3.22266 
0.47200, -0.34180, -1.26953, 2.97852 
0.47300, -0.48828, -0.43945, 2.39258 
0.47400, -0.24414, -0.68359, 3.41797 
0.47500, -0.68359, 0.24414, 3.22266 
0.47600, -0.83008, -0.04883, 3.51562 
0.47700, -0.48828, -0.29297, 3.27148 
0.47800, -0.83008, 0.09766, 3.46680 
0.47900, -2.83203, -0.14648, 3.17383 
0.48000, -0.63477, 0.83008, 17.96875 
0.48100, -16.35742, 1.12305, 3.32031 
0.48200, 0.83008, 0.83008, 12.20703 
0.48300, 1.75781, -1.02539, 4.54102 
0.48400, -7.95898, -0.24414, 2.83203 
0.48500, -1.02539, 1.75781, 1.66016 
0.48600, -1.80664, 0.87891, 2.34375 
0.48700, -1.31836, 1.46484, 2.73438 
0.48800, -1.02539, 0.68359, 3.27148 
0.48900, -0.48828, 1.56250, 3.32031 
0.49000, -0.43945, -0.04883, 3.95508 
0.49100, -0.34180, -0.34180, 3.75977 
0.49200, -0.83008, 0.29297, 4.19922 
0.49300, -0.43945, 0.39062, 3.41797 
0.49400, 0.53711, -0.34180, 6.64062 
0.49500, 1.51367, -1.22070, 4.15039 
0.49600, -0.09766, -0.87891, 4.15039 
0.49700, -0.29297, -0.83008, 2.78320 
0.49800, -0.63477, -0.34180, 3.46680 
0.49900, -1.31836, -0.58594, 3.02734 
0.50000, -0.09766, -0.48828, 3.27148 
0.50100, -1.85547, -0.29297, 3.51562 
0.50200, -1.12305, 0.68359, 3.27148 
0.50300, -0.04883, -0.14648, 2.63672 
0.50400, -0.78125, 0.09766, 3.51562 
0.50500, -1.90430, -0.19531, 3.12500 
0.50600, -1.22070, -0.29297, 3.27148 
0.50700, -0.43945, 0.14648, 3.80859 
0.50800, -0.63477, -0.14648, 2.58789 
0.50900, -0.78125, 0.09766, 3.66211 
0.51000, -0.63477, -0.43945, 3.32031 
0.51100, -1.12305, 0.39062, 3.56445 
0.51200, -0.24414, -0.83008, 3.17383 
0.51300, -0.73242, -0.83008, 3.56445 
0.51400, -0.68359, -0.29297, 3.07617 
0.51500, -0.29297, -0.78125, 3.02734 
0.51600, -1.02539, -0.73242, 3.90625 
0.51700, -0.83008, -0.63477, 3.46680 
0.51800, -0.92773, -0.04883, 3.22266 
0.51900, -0.39062, 0.00000, 3.32031 
0.52000, -0.83008, 0.43945, 2.92969 
0.52100, -0.48828, -0.39062, 3.41797 
0.52200, -0.29297, -0.53711, 2.29492 
0.52300, -0.73242, -0.04883, 4.34570 
0.52400, -0.87891, -0.24414, 2.49023 
0.52500, -0.83008, -0.53711, 3.22266 
0.52600, -0.92773, 0.14648, 3.46680 
0.52700, -0.63477, 0.43945, 3.66211 
0.52800, -1.07422, 0.43945, 3.61328 
0.52900, -1.22070, -0.29297, 3.80859 
0.53000, -0.48828, -0.04883, 2.73438 
0.53100, -0.39062, -0.04883, 3.02734 
0.53200, -1.02539, 0.09766, 3.27148 
0.53300, -0.29297, -0.83008, 3.90625 
0.53400, -1.02539, 0.04883, 3.71094 
0.53500, -0.73242, 0.39062, 1.75781 
0.53600, -0.43945, -0.24414, 2.88086 
0.53700, -0.78125, -0.04883, 2.73438 
0.53800, -0.92773, 0.09766, 3.41797 
0.53900, -0.83008, -0.24414, 3.85742 
0.54000, -0.83008, -0.63477, 3.17383 
0.54100, -0.97656, 0.24414, 3.17383 
0.54200, -0.29297, -0.24414, 3.22266 
0.54300, -0.83008, -0.39062, 2.68555 
0.54400, -0.63477, 0.24414, 3.61328 
0.54500, -0.73242, -0.19531, 3.95508 
0.54600, -1.07422, -0.29297, 2.73438 
0.54700, -1.07422, 0.48828, 4.29688 
0.54800, -0.68359, 0.09766, 2.63672 
0.54900, -0.92773, 0.29297, 3.36914 
0.55000, -1.07422, -0.09766, 4.00391 
0.55100, -1.22070, 0.29297, 3.36914 
0.55200, -1.22070, -0.04883, 4.15039 
0.55300, -0.73242, -0.58594, 3.41797 
0.55400, -0.68359, 0.39062, 4.73633 
0.55500, -0.34180, -0.48828, 3.90625 
0.55600, -0.29297, -0.29297, 3.71094 
0.55700, -0.78125, -0.19531, 3.95508 
0.55800, -1.22070, -0.63477, 3.41797 
0.55900, -0.53711, -0.09766, 3.56445 
0.56000, -0.78125, -0.04883, 3.41797 
0.56100, -1.02539, -0.24414, 3.75977 
0.56200, -0.29297, -0.34180, 4.00391 
0.56300, -0.83008, 0.09766, 3.46680 
0.56400, 0.09766, 0.39062, 2.68555 
0.56500, -0.29297, -0.92773, 4.49219 
0.56600, -0.63477, 0.14648, 4.15039 
0.56700, -0.48828, -0.24414, 2.58789 
0.56800, -0.73242, 0.00000, 3.46680 
0.56900, 0.00000, 0.19531, 3.95508 
0.57000, -0.48828, -0.39062, 2.53906 
0.57100, -0.43945, -0.48828, 3.56445 
0.57200, -0.19531, -0.53711, 3.12500 
0.57300, -0.58594, -0.63477, 2.49023 
0.57400, -1.61133, -0.24414, 3.12500 
0.57500, -0.58594, -0.24414, 3.12500 
0.57600, -0.92773, -0.14648, 3.02734 
0.57700, -0.68359, -0.39062, 3.12500 
0.57800, -0.43945, -0.48828, 3.41797 
0.57900, -0.24414, 0.34180, 3.12500 
0.58000, -0.83008, -0.24414, 3.46680 
0.58100, -0.43945, 0.14648, 3.75977 
0.58200, -0.83008, 0.29297, 3.12500 
0.58300, -0.29297, -0.09766, 2.58789 
0.58400, -0.63477, -0.24414, 2.83203 
0.58500, -0.58594, -0.39062, 2.29492 
0.58600, -0.39062, 0.00000, 3.56445 
0.58700, -0.39062, 0.19531, 3.12500 
0.58800, -0.73242, -0.04883, 2.88086 
0.58900, 0.00000, -0.14648, 3.41797 
0.59000, -0.63477, -0.04883, 2.97852 
0.59100, -0.39062, -0.04883, 4.00391 
0.59200, -1.12305, -0.39062, 3.56445 
0.59300, -0.83008, -0.19531, 2.34375 
0.59400, -0.83008, -0.34180, 3.36914 
0.59500, -0.24414, -0.24414, 3.61328 
0.59600, -0.48828, 0.09766, 3.27148 
0.59700, -0.39062, -0.68359, 2.92969 
0.59800, -0.83008, 0.24414, 2.53906 
0.59900, -0.63477, -0.09766, 3.12500 
0.60000, -0.34180, -0.48828, 2.00195 
0.60100, -1.07422, -0.63477, 3.22266 
0.60200, -0.39062, 0.09766, 3.51562 
0.60300, -0.14648, -0.68359, 2.68555 
0.60400, -0.24414, -0.39062, 2.39258 
0.60500, -0.83008, -0.34180, 2.53906 
0.60600, -0.58594, -0.39062, 2.44141 
0.60700, -0.34180, -0.29297, 2.92969 
0.60800, -0.73242, -0.43945, 2.92969 
0.60900, -0.43945, -0.14648, 3.32031 
0.61000, -0.63477, -0.34180, 3.02734 
0.61100, -0.34180, -0.24414, 3.27148 
0.61200, -0.19531, -0.34180, 2.78320 
0.61300, -0.53711, 0.04883, 2.29492 
0.61400, -0.09766, -0.29297, 3.32031 
0.61500, -0.04883, -0.43945, 3.12500 
0.61600, 0.24414, -0.48828, 3.07617 
0.61700, -0.19531, -0.73242, 2.34375 
0.61800, 0.00000, 0.04883, 2.53906 
0.61900, -0.58594, -0.24414, 3.22266 
0.62000, -0.48828, -1.26953, 3.32031 
0.62100, 0.09766, -0.58594, 3.71094 
0.62200, -0.09766, 0.04883, 3.32031 
0.62300, -0.39062, -0.39062, 2.73438 
0.62400, -0.19531, -0.34180, 3.12500 
0.62500, -0.39062, -0.87891, 3.02734 
0.62600, -0.39062, -0.43945, 3.02734 
0.62700, -0.24414, 0.63477, 3.27148 
0.62800, 0.09766, -0.24414, 2.19727 
0.62900, -0.29297, -0.53711, 3.17383 
0.63000, -0.09766, 0.14648, 2.14844 
0.63100, -0.14648, -0.39062, 2.19727 
0.63200, -0.34180, 0.04883, 2.05078 
0.63300, -0.48828, -0.29297, 2.92969 
0.63400, -0.29297, -0.58594, 3.22266 
0.63500, -0.58594, -0.09766, 3.36914 
0.63600, -0.04883, -0.63477, 2.88086 
0.63700, -0.39062, -0.09766, 3.07617 
0.63800, -0.19531, -0.87891, 2.39258 
0.63900, -0.34180, -0.87891, 3.02734 
0.64000, -0.43945, -0.39062, 2.73438 
0.64100, -0.04883, -0.43945, 2.78320 
0.64200, -0.39062, -0.48828, 3.27148 
0.64300, -0.97656, -0.24414, 2.53906 
0.64400, -0.34180, -0.09766, 2.39258 
0.64500, -0.43945, -0.63477, 2.83203 
0.64600, -0.48828, -0.29297, 2.63672 
0.64700, 0.14648, -0.04883, 3.75977 
0.64800, -0.92773, -0.29297, 3.66211 
0.64900, -0.48828, 0.09766, 3.12500 
0.65000, -0.34180, -0.04883, 2.83203 
0.65100, 0.14648, -0.97656, 2.97852 
0.65200, -0.04883, -0.29297, 3.12500 
0.65300, -0.04883, 0.14648, 3.41797 
0.65400, -0.68359, -0.19531, 3.85742 
0.65500, -0.87891, -0.73242, 3.51562 
0.65600, -0.63477, -0.48828, 2.05078 
0.65700, -0.24414, -0.34180, 3.61328 
0.65800, -0.58594, -0.63477, 3.32031 
0.65900, -0.53711, 0.34180, 3.32031 
0.66000, -0.58594, -0.63477, 3.61328 
0.66100, -0.39062, -0.43945, 3.71094 
0.66200, -0.97656, -0.24414, 3.02734 
0.66300, -0.48828, -0.14648, 2.92969 
0.66400, -0.92773, -0.19531, 2.92969 
0.66500, -1.02539, -0.63477, 3.02734 
0.66600, -0.48828, -0.58594, 3.41797 
0.66700, -0.04883, -0.14648, 2.92969 
0.66800, -0.83008, -0.19531, 3.17383 
0.66900, -0.29297, 0.04883, 3.56445 
0.67000, -0.34180, -1.12305, 3.27148 
0.67100, -0.24414, 0.14648, 3.61328 
0.67200, -0.39062, -0.04883, 3.61328 
0.67300, -7.32422, -0.68359, 3.36914 
0.67400, -0.04883, 1.56250, 15.52734 
0.67500, -1.41602, 0.00000, 4.05273 
0.67600, 1.12305, 3.07617, 10.93750 
0.67700, -0.14648, -0.09766, 2.63672 
0.67800, -0.83008, 0.04883, 5.07812 
0.67900, -1.17188, 0.63477, 5.07812 
0.68000, -0.83008, -0.43945, 3.41797 
0.68100, -4.93164, -0.24414, 2.68555 
0.68200, -1.22070, -1.17188, 2.63672 
0.68300, -0.29297, -0.14648, 3.27148 
0.68400, -0.68359, 0.14648, 3.51562 
0.68500, -0.63477, 0.39062, 3.51562 
0.68600, -0.58594, -0.04883, 3.36914 
0.68700, 0.39062, 0.68359, 2.29492 
0.68800, -0.63477, -0.53711, 3.07617 
0.68900, 0.00000, -0.43945, 3.75977 
0.69000, -0.68359, -0.04883, 3.51562 
0.69100, -0.68359, -0.92773, 3.32031 
0.69200, -0.78125, -0.68359, 2.97852 
0.69300, -0.78125, -0.04883, 3.56445 
0.69400, -0.83008, -0.24414, 2.92969 
0.69500, -1.07422, -0.24414, 2.73438 
0.69600, -0.92773, 0.14648, 2.92969 
0.69700, -0.43945, 0.29297, 2.58789 
0.69800, -0.48828, -1.07422, 3.75977 
0.69900, -0.24414, -0.83008, 3.66211 
0.70000, -1.02539, -0.24414, 3.85742 
0.70100, -0.68359, -0.34180, 2.58789 
0.70200, -0.92773, -0.43945, 3.75977 
0.70300, -0.63477, -0.68359, 3.22266 
0.70400, -0.83008, -0.43945, 3.12500 
0.70500, -0.63477, -0.14648, 2.97852 
0.70600, -0.29297, -0.29297, 3.66211 
0.70700, -0.83008, -0.14648, 3.46680 
0.70800, -0.39062, -0.09766, 3.46680 
0.70900, -0.68359, -0.63477, 3.56445 
0.71000, -0.83008, -0.04883, 3.02734 
0.71100, -0.34180, -0.04883, 3.71094 
0.71200, -0.04883, 0.39062, 3.71094 
0.71300, -0.43945, -0.39062, 3.36914 
0.71400, -0.87891, 0.19531, 4.05273 
0.71500, -0.87891, 0.04883, 3.46680 
0.71600, -0.73242, -0.09766, 3.46680 
0.71700, -0.73242, -0.19531, 3.71094 
0.71800, -0.68359, -0.09766, 3.61328 
0.71900, -1.02539, -0.53711, 3.02734 
0.72000, -0.48828, -0.14648, 3.22266 
0.72100, -0.83008, 0.29297, 2.83203 
0.72200, -0.68359, 0.19531, 3.07617 
0.72300, -1.41602, -0.34180, 3.90625 
0.72400, -0.34180, -0.24414, 3.71094 
0.72500, -1.02539, 0.63477, 3.80859 
0.72600, -0.92773, -0.73242, 3.80859 
0.72700, -0.14648, -0.83008, 3.56445 
0.72800, -0.68359, -0.29297, 4.05273 
0.72900, -1.07422, -0.04883, 3.36914 
0.73000, -1.17188, -0.24414, 3.75977 
0.73100, -1.02539, -0.73242, 3.46680 
0.73200, -0.78125, -0.04883, 3.80859 
0.73300, -1.07422, 0.00000, 3.02734 
0.73400, -0.68359, -0.24414, 4.10156 
0.73500, -0.83008, -0.24414, 3.51562 
0.73600, -0.29297, -0.14648, 3.22266 
0.73700, -0.97656, -0.04883, 3.22266 
0.73800, -0.24414, -0.19531, 3.71094 
0.73900, -0.92773, -0.43945, 3.56445 
0.74000, -0.83008, 0.04883, 2.92969 
0.74100, -0.58594, -0.34180, 3.71094 
0.74200, -0.39062, -0.09766, 3.61328 
0.74300, -0.83008, 0.00000, 3.71094 
0.74400, -0.48828, 0.09766, 3.80859 
0.74500, -0.87891, -0.53711, 3.07617 
0.74600, -0.63477, -0.43945, 3.07617 
0.74700, -0.68359, -0.04883, 3.66211 
0.74800, -0.53711, -0.48828, 3.80859 
0.74900, -0.48828, -0.29297, 3.85742 
0.75000, -0.34180, -0.43945, 4.19922 
0.75100, -0.58594, 0.09766, 3.80859 
0.75200, -0.68359, -0.58594, 2.83203 
0.75300, -0.53711, -0.14648, 3.32031 
0.75400, -0.34180, -1.07422, 3.80859 
0.75500, -0.92773, -0.09766, 2.53906 
0.75600, -0.63477, -0.34180, 2.88086 
0.75700, -0.29297, -0.04883, 3.46680 
0.75800, -0.68359, -0.63477, 3.85742 
0.75900, -0.04883, -0.68359, 2.92969 
0.76000, -0.63477, -0.14648, 2.73438 
0.76100, -0.68359, -0.04883, 3.56445 
0.76200, -0.39062, 0.00000, 3.17383 
0.76300, -0.48828, -0.04883, 3.61328 
0.76400, -0.43945, -0.87891, 2.49023 
0.76500, -0.48828, -0.14648, 2.88086 
0.76600, -0.73242, -0.83008, 3.75977 
0.76700, -0.87891, -0.24414, 2.44141 
0.76800, -0.09766, -0.34180, 2.24609 
0.76900, -0.53711, 0.19531, 3.02734 
0.77000, -0.34180, 0.04883, 3.71094 
0.77100, -0.39062, -0.68359, 2.00195 
0.77200, -0.14648, 0.14648, 3.17383 
0.77300, -0.73242, -0.43945, 1.80664 
0.77400, -0.63477, -0.53711, 2.92969 
0.77500, -0.58594, -0.19531, 3.36914 
0.77600, -0.19531, -0.78125, 3.17383 
0.77700, -0.19531, -0.29297, 3.12500 
0.77800, -0.19531, -0.24414, 2.58789 
0.77900, -0.63477, -0.43945, 3.51562 
0.78000, -0.14648, 0.14648, 3.32031 
0.78100, -0.34180, 0.09766, 2.73438 
0.78200, -0.48828, -0.09766, 3.36914 
0.78300, -0.43945, 0.09766, 2.19727 
0.78400, -0.19531, 0.19531, 2.53906 
0.78500, -0.53711, -0.19531, 2.29492 
0.78600, -0.73242, -0.68359, 3.12500 
0.78700, -0.73242, -0.92773, 3.02734 
0.78800, -0.39062, -0.53711, 2.58789 
0.78900, -0.78125, -0.24414, 3.51562 
0.79000, -1.26953, -0.04883, 3.07617 
0.79100, -0.78125, -0.53711, 3.46680 
0.79200, -0.14648, -0.09766, 3.66211 
0.79300, 0.14648, -0.43945, 3.56445 
0.79400, -0.09766, -0.48828, 3.02734 
0.79500, -0.63477, 0.09766, 2.68555 
0.79600, -0.43945, 0.19531, 2.39258 
0.79700, -1.02539, -0.04883, 3.71094 
0.79800, -0.29297, -0.19531, 3.12500 
0.79900, -0.04883, -0.14648, 2.92969 
0.80000, -0.68359, 0.14648, 2.97852 
0.80100, -0.63477, -0.29297, 3.41797 
0.80200, -0.39062, -0.39062, 3.51562 
0.80300, -0.29297, -0.24414, 3.36914 
0.80400, -0.29297, -0.19531, 3.22266 
0.80500, -0.29297, -0.19531, 3.22266 
0.80600, -0.29297, -0.19531, 3.22266 
0.80700, -1.07422, -0.19531, 3.22266 
0.80800, -1.07422, -0.19531, 3.22266 
0.80900, -0.19531, -0.43945, 2.88086 
0.81000, -0.53711, -0.09766, 3.02734 
0.81100, -0.04883, -0.19531, 3.41797 
0.81200, -0.29297, -0.24414, 2.73438 
0.81300, -0.43945, 0.09766, 2.88086 
0.81400, -0.48828, 0.39062, 2.58789 
0.81500, -0.29297, -0.63477, 3.51562 
0.81600, -0.73242, -0.63477, 3.61328 
0.81700, -0.19531, -0.78125, 2.39258 
0.81800, -0.39062, -0.14648, 3.07617 
0.81900, -0.43945, -0.29297, 3.32031 
0.82000, 0.09766, -0.58594, 3.07617 
0.82100, -0.34180, -0.87891, 2.78320 
0.82200, -1.07422, -0.09766, 2.24609 
0.82300, -0.39062, -0.19531, 3.22266 
0.82400, 0.14648, -0.87891, 2.73438 
0.82500, -0.34180, -0.53711, 2.83203 
0.82600, -0.24414, -0.14648, 2.78320 
0.82700, -0.78125, -0.04883, 3.02734 
0.82800, -0.04883, -0.78125, 3.51562 
0.82900, -0.24414, -0.73242, 3.36914 
0.83000, 0.14648, -0.58594, 3.32031 
0.83100, -0.29297, 0.24414, 2.49023 
0.83200, -0.24414, -0.78125, 3.46680 
0.83300, 0.00000, -0.48828, 2.68555 
0.83400, -0.19531, -0.39062, 2.88086 
0.83500, -0.78125, -0.14648, 3.12500 
0.83600, -0.48828, -0.78125, 3.51562 
0.83700, -0.29297, -0.14648, 3.07617 
0.83800, -0.24414, -0.24414, 3.36914 
0.83900, -0.48828, 0.19531, 3.12500 
0.84000, -0.29297, -0.39062, 2.19727 
0.84100, -0.48828, -0.63477, 3.27148 
0.84200, -0.19531, -0.24414, 3.41797 
0.84300, -0.63477, -0.83008, 3.12500 
0.84400, -0.24414, 0.63477, 28.51562 
0.84500, -0.48828, 0.78125, 2.83203 
0.84600, -2.19727, 0.29297, 3.51562 
0.84700, -0.68359, 1.51367, 4.88281 
0.84800, -1.61133, 0.63477, 3.46680 
0.84900, -0.63477, 0.53711, 2.88086 
0.85000, -0.73242, 0.09766, 3.71094 
0.85100, -1.02539, -0.29297, 4.49219 
0.85200, -0.92773, 0.29297, 4.49219 
0.85300, -0.73242, -0.97656, 3.75977 
0.85400, -0.43945, -0.83008, 3.46680 
0.85500, -0.29297, -0.14648, 3.07617 
0.85600, -0.87891, -0.87891, 3.71094 
0.85700, -0.39062, -0.58594, 3.32031 
0.85800, -1.12305, -0.43945, 3.80859 
0.85900, -0.29297, -0.24414, 3.95508 
0.86000, -0.48828, -0.09766, 2.88086 
0.86100, -0.48828, -0.24414, 4.10156 
0.86200, -0.83008, -0.92773, 3.36914 
0.86300, -0.58594, -0.58594, 3.46680 
0.86400, -0.48828, -0.58594, 3.32031 
0.86500, 0.04883, -0.48828, 3.12500 
0.86600, -0.73242, -0.39062, 3.27148 
0.86700, -1.17188, 0.09766, 3.90625 
0.86800, -1.41602, -0.19531, 3.17383 
0.86900, -1.17188, -0.04883, 2.63672 
0.87000, -0.24414, -0.29297, 2.78320 
0.87100, -0.53711, -0.63477, 3.12500 
0.87200, -0.83008, -0.14648, 3.12500 
0.87300, -0.73242, -1.02539, 3.12500 
0.87400, -0.19531, -0.48828, 3.51562 
0.87500, -1.41602, 0.04883, 2.92969 
0.87600, -1.22070, -0.29297, 3.75977 
0.87700, -0.78125, -0.19531, 3.27148 
0.87800, -1.07422, -0.14648, 3.32031 
0.87900, -0.92773, 0.14648, 2.53906 
0.88000, -1.26953, -0.24414, 2.92969 
0.88100, -0.58594, -0.04883, 3.80859 
0.88200, -0.24414, 0.58594, 3.27148 
0.88300, -0.83008, 0.14648, 3.56445 
0.88400, -0.97656, 0.39062, 3.12500 
0.88500, -1.36719, 0.39062, 4.63867 
0.88600, -1.70898, 0.04883, 3.61328 
0.88700, -0.83008, 0.39062, 3.07617 
0.88800, -0.73242, 0.29297, 3.46680 
0.88900, -1.17188, 0.09766, 3.66211 
0.89000, -0.19531, 0.14648, 3.56445 
0.89100, -0.58594, 0.00000, 3.32031 
0.89200, -0.83008, 0.04883, 3.07617 
0.89300, -0.29297, 0.09766, 2.92969 
0.89400, -0.78125, 0.19531, 3.41797 
0.89500, -0.63477, -0.53711, 2.97852 
0.89600, -0.29297, 0.34180, 3.75977 
0.89700, -0.68359, 0.09766, 3.32031 
0.89800, -0.29297, -0.19531, 3.32031 
0.89900, -0.58594, -0.04883, 3.22266 
0.90000, -0.78125, 0.14648, 3.56445 
0.90100, -0.92773, 0.29297, 3.17383 
0.90200, -1.02539, -0.29297, 3.27148 
0.90300, -0.39062, 0.19531, 3.12500 
0.90400, -1.02539, 0.04883, 3.32031 
0.90500, -0.92773, -0.39062, 2.83203 
0.90600, -0.87891, -0.53711, 3.61328 
0.90700, -0.87891, -0.39062, 3.75977 
0.90800, -1.12305, -0.73242, 3.36914 
0.90900, -0.83008, -0.29297, 3.17383 
0.91000, -0.92773, -0.09766, 3.51562 
0.91100, -0.87891, -0.29297, 3.41797 
0.91200, 0.00000, -0.53711, 3.71094 
0.91300, -0.83008, -0.53711, 3.32031 
0.91400, -0.58594, -0.24414, 3.32031 
0.91500, -0.83008, -0.09766, 3.80859 
0.91600, -0.24414, -0.63477, 3.80859 
0.91700, -0.48828, -0.43945, 4.73633 
0.91800, -0.14648, -0.43945, 3.41797 
0.91900, -0.09766, 0.00000, 3.75977 
0.92000, -0.68359, -0.04883, 3.46680 
0.92100, -0.63477, -0.73242, 3.32031 
0.92200, -0.83008, -0.58594, 3.56445 
0.92300, -0.92773, -1.26953, 4.34570 
0.92400, -0.19531, -0.09766, 2.73438 
0.92500, -0.29297, 0.09766, 3.36914 
0.92600, -0.24414, -0.48828, 3.51562 
0.92700, -0.09766, -0.68359, 3.41797 
0.92800, -0.43945, -0.39062, 3.75977 
0.92900, -0.68359, -0.63477, 3.22266 
0.93000, -0.63477, 0.00000, 3.12500 
0.93100, -0.24414, -0.09766, 2.97852 
0.93200, -0.68359, -0.24414, 2.29492 
0.93300, -0.68359, -0.39062, 3.51562 
0.93400, -0.14648, 0.00000, 2.88086 
0.93500, -0.63477, 0.24414, 3.41797 
0.93600, -0.39062, -0.29297, 2.92969 
0.93700, -0.39062, -0.39062, 3.32031 
0.93800, -0.39062, -0.43945, 2.78320 
0.93900, -0.73242, -0.19531, 2.83203 
0.94000, -0.34180, -0.29297, 2.63672 
0.94100, -0.78125, -0.19531, 3.51562 
0.94200, -0.48828, -0.14648, 3.32031 
0.94300, 0.00000, 0.04883, 4.05273 
0.94400, -0.53711, -0.39062, 3.27148 
0.94500, -0.87891, -0.09766, 3.56445 
0.94600, -0.53711, 0.24414, 2.78320 
0.94700, -0.29297, -0.04883, 4.10156 
0.94800, -0.19531, 0.00000, 2.58789 
0.94900, -0.34180, -0.09766, 2.78320 
0.95000, -0.68359, -0.39062, 3.22266 
0.95100, -0.39062, -0.83008, 3.12500 
0.95200, -0.43945, -0.48828, 3.17383 
0.95300, -0.29297, 0.04883, 2.58789 
0.95400, -0.92773, -0.09766, 2.44141 
0.95500, -0.58594, -0.53711, 2.92969 
0.95600, -0.29297, -0.39062, 2.97852 
0.95700, -0.29297, 0.14648, 3.46680 
0.95800, -0.63477, -0.04883, 3.61328 
0.95900, 0.04883, -0.09766, 3.61328 
0.96000, -0.19531, -0.39062, 2.44141 
0.96100, 0.04883, -0.43945, 2.88086 
0.96200, -0.09766, -0.24414, 2.83203 
0.96300, -0.43945, -0.63477, 3.17383 
0.96400, -0.04883, -0.14648, 3.02734 
0.96500, -0.29297, -0.83008, 3.22266 
0.96600, -0.53711, -0.39062, 3.56445 
0.96700, -0.24414, -0.19531, 3.07617 
0.96800, 0.00000, -0.78125, 3.46680 
0.96900, -0.19531, -0.87891, 2.83203 
0.97000, -0.73242, -0.43945, 3.85742 
0.97100, -0.34180, -0.19531, 3.17383 
0.97200, -0.48828, -0.53711, 2.92969 
0.97300, 0.14648, -0.39062, 3.17383 
0.97400, -0.14648, -0.92773, 2.73438 
0.97500, -0.04883, -0.14648, 3.51562 
0.97600, -0.48828, -0.43945, 1.75781 
0.97700, -0.24414, -1.02539, 2.58789 
0.97800, -0.14648, -0.43945, 2.97852 
0.97900, 0.09766, -0.43945, 3.71094 
0.98000, -0.19531, -1.22070, 3.07617 
0.98100, -0.73242, -0.09766, 3.12500 
0.98200, 0.00000, -0.34180, 2.92969 
0.98300, -0.19531, -0.24414, 2.53906 
0.98400, -0.39062, -0.39062, 2.44141 
0.98500, -0.39062, -0.34180, 2.68555 
0.98600, -0.58594, -0.48828, 2.97852 
0.98700, -0.58594, -0.34180, 3.32031 
0.98800, -0.04883, -0.43945, 2.73438 
0.98900, -0.63477, -0.24414, 2.05078 
0.99000, -0.48828, -0.09766, 2.63672 
0.99100, -0.53711, 0.00000, 3.12500 
0.99200, -0.04883, -0.14648, 2.88086 
0.99300, -0.48828, -0.04883, 2.58789 
0.99400, -0.68359, -0.39062, 2.58789 
0.99500, 0.00000, -0.14648, 2.29492 
0.99600, 0.09766, -0.73242, 3.56445 
0.99700, -0.43945, -0.73242, 2.92969 
0.99800, -0.43945, -0.34180, 3.71094 
0.99900, -0.34180, -0.34180, 3.12500 
